care.virtue,fairness.virtue,loyalty.virtue,authority.virtue,sanctity.virtue,care.vice,fairness.vice,loyalty.vice,authority.vice,sanctity.vice,moral,moral_nonmoral_ratio,f_var
0.16666666666666666,0.08333333333333333,0.0,0.0,0.0,0.5833333333333334,0.0,0.08333333333333333,0.0,0.0,0.08333333333333333,0.046511627906976744,0.033101851851851855
0.125,0.0,0.25,0.5,0.0,0.125,0.0,0.0,0.0,0.0,0.0,0.0299625468164794,0.027083333333333338
0.0,0.125,0.125,0.125,0.0,0.5,0.0,0.0,0.0,0.125,0.0,0.028169014084507043,0.023611111111111117
0.0,0.0,0.5,0.25,0.0,0.08333333333333333,0.0,0.0,0.08333333333333333,0.0,0.08333333333333333,0.039473684210526314,0.02692901234567902
0.16,0.0,0.36,0.24,0.0,0.12,0.04,0.0,0.04,0.0,0.08,0.05868544600938967,0.015360000000000004
0.0,0.09523809523809523,0.14285714285714285,0.2857142857142857,0.0,0.23809523809523808,0.0,0.0,0.047619047619047616,0.047619047619047616,0.19047619047619047,0.0670926517571885,0.010985134794658603
0.5483870967741935,0.0,0.1935483870967742,0.0967741935483871,0.0,0.12903225806451613,0.0,0.0,0.0,0.03225806451612903,0.0,0.06540084388185655,0.029471615215631866
0.6666666666666666,0.0,0.13333333333333333,0.06666666666666667,0.0,0.06666666666666667,0.0,0.0,0.0,0.0,0.06666666666666667,0.03676470588235294,0.04266666666666666
0.0,0.5714285714285714,0.38095238095238093,0.047619047619047616,0.0,0.0,0.0,0.0,0.0,0.0,0.0,0.07216494845360824,0.041546989166036795
0.0,0.0,0.2857142857142857,0.5714285714285714,0.0,0.0,0.14285714285714285,0.0,0.0,0.0,0.0,0.0196078431372549,0.03650793650793651
0.11764705882352941,0.0,0.35294117647058826,0.17647058823529413,0.0,0.29411764705882354,0.0,0.058823529411764705,0.0,0.0,0.0,0.04871060171919771,0.017723952326028452
0.6428571428571429,0.0,0.07142857142857142,0.14285714285714285,0.0,0.14285714285714285,0.0,0.0,0.0,0.0,0.0,0.034229828850855744,0.03990929705215421
0.15,0.0,0.0,0.5,0.0,0.05,0.0,0.0,0.0,0.0,0.3,0.040983606557377046,0.025111111111111105
0.09090909090909091,0.0,0.18181818181818182,0.2727272727272727,0.2727272727272727,0.18181818181818182,0.0,0.09090909090909091,0.0,0.0,0.0,0.03170028818443804,0.01248852157943067
0.02040816326530612,0.04081632653061224,0.14285714285714285,0.20408163265306123,0.0,0.46938775510204084,0.0,0.061224489795918366,0.02040816326530612,0.0,0.04081632653061224,0.08376068376068375,0.021847378407145172
0.0,0.14285714285714285,0.3333333333333333,0.09523809523809523,0.0,0.09523809523809523,0.0,0.047619047619047616,0.23809523809523808,0.0,0.09523809523809523,0.06382978723404255,0.013101536911060717
0.6666666666666666,0.0,0.0,0.0,0.0,0.0,0.0,0.0,0.0,0.3333333333333333,0.0,0.009900990099009901,0.05061728395061728
0.0,0.0,0.25,0.25,0.0,0.25,0.0,0.0,0.125,0.125,0.0,0.0321285140562249,0.013194444444444446
0.13636363636363635,0.0,0.09090909090909091,0.09090909090909091,0.0,0.5454545454545454,0.0,0.045454545454545456,0.0,0.0,0.09090909090909091,0.05527638190954774,0.028007346189164364
0.3125,0.0,0.4375,0.1875,0.0,0.0625,0.0,0.0,0.0,0.0,0.0,0.052805280528052806,0.025347222222222226
0.13157894736842105,0.0,0.13157894736842105,0.10526315789473684,0.0,0.5526315789473685,0.0,0.07894736842105263,0.0,0.0,0.0,0.1130952380952381,0.028593413357956305
0.18181818181818182,0.0,0.6363636363636364,0.0,0.0,0.09090909090909091,0.0,0.0,0.0,0.0,0.09090909090909091,0.026004728132387706,0.040404040404040394
0.21052631578947367,0.0,0.21052631578947367,0.21052631578947367,0.05263157894736842,0.0,0.0,0.0,0.0,0.05263157894736842,0.2631578947368421,0.03460837887067395,0.009356725146198829
0.3142857142857143,0.05714285714285714,0.14285714285714285,0.22857142857142856,0.0,0.2,0.0,0.05714285714285714,0.0,0.0,0.0,0.09308510638297872,0.01310657596371882
0.0,0.0,0.16666666666666666,0.0,0.0,0.8333333333333334,0.0,0.0,0.0,0.0,0.0,0.016713091922005572,0.06913580246913582
0.125,0.0,0.25,0.25,0.0,0.125,0.0,0.0,0.0,0.0,0.25,0.01809954751131222,0.011111111111111112
0.125,0.1875,0.5625,0.0,0.0,0.0625,0.0625,0.0,0.0,0.0,0.0625,0.035955056179775284,0.030555555555555558
0.5909090909090909,0.0,0.09090909090909091,0.3181818181818182,0.0,0.0,0.0,0.0,0.0,0.0,0.045454545454545456,0.03642384105960265,0.03985307621671259
0.0,0.0,0.4,0.4,0.12,0.0,0.0,0.0,0.0,0.0,0.08,0.04180602006688963,0.02775111111111112
0.11764705882352941,0.11764705882352941,0.058823529411764705,0.23529411764705882,0.0,0.0,0.0,0.058823529411764705,0.058823529411764705,0.0,0.4117647058823529,0.037037037037037035,0.005728565936178393
0.25,0.09090909090909091,0.11363636363636363,0.25,0.0,0.11363636363636363,0.045454545454545456,0.022727272727272728,0.022727272727272728,0.0,0.09090909090909091,0.07308970099667775,0.008838383838383838
0.041666666666666664,0.041666666666666664,0.16666666666666666,0.4583333333333333,0.125,0.08333333333333333,0.0,0.0,0.0,0.0,0.08333333333333333,0.037209302325581395,0.019984567901234568
0.0,0.0,0.36363636363636365,0.6363636363636364,0.0,0.0,0.09090909090909091,0.0,0.0,0.0,0.09090909090909091,0.024719101123595506,0.04738292011019283
0.0,0.0,0.7692307692307693,0.0,0.0,0.0,0.0,0.0,0.07692307692307693,0.0,0.15384615384615385,0.026970954356846474,0.05844838921761998
0.6206896551724138,0.06896551724137931,0.13793103448275862,0.10344827586206896,0.0,0.034482758620689655,0.0,0.0,0.034482758620689655,0.0,0.0,0.06444444444444444,0.03579072532699168
0.047619047619047616,0.0,0.0,0.09523809523809523,0.0,0.19047619047619047,0.0,0.0,0.0,0.6190476190476191,0.047619047619047616,0.05898876404494382,0.03779289493575208
0.06896551724137931,0.13793103448275862,0.3793103448275862,0.06896551724137931,0.0,0.034482758620689655,0.0,0.13793103448275862,0.0,0.0,0.1724137931034483,0.09119496855345911,0.013793103448275862
0.38461538461538464,0.07692307692307693,0.07692307692307693,0.23076923076923078,0.0,0.11538461538461539,0.07692307692307693,0.0,0.0,0.0,0.038461538461538464,0.0896551724137931,0.015532544378698228
0.4444444444444444,0.1111111111111111,0.16666666666666666,0.05555555555555555,0.05555555555555555,0.1111111111111111,0.0,0.05555555555555555,0.0,0.0,0.05555555555555555,0.06143344709897611,0.01769547325102881
0.08333333333333333,0.0,0.3333333333333333,0.25,0.08333333333333333,0.08333333333333333,0.0,0.0,0.08333333333333333,0.0,0.25,0.029556650246305417,0.013040123456790119
0.0,0.1,0.6,0.1,0.0,0.0,0.0,0.0,0.0,0.0,0.2,0.030864197530864196,0.03511111111111112
0.041666666666666664,0.125,0.2916666666666667,0.16666666666666666,0.0,0.25,0.0,0.0,0.08333333333333333,0.0,0.041666666666666664,0.05811138014527845,0.01197916666666667
0.03225806451612903,0.0,0.03225806451612903,0.06451612903225806,0.03225806451612903,0.7096774193548387,0.03225806451612903,0.03225806451612903,0.0,0.0,0.06451612903225806,0.07093821510297482,0.04727714186611169
0.05263157894736842,0.3157894736842105,0.0,0.3157894736842105,0.0,0.15789473684210525,0.0,0.05263157894736842,0.05263157894736842,0.0,0.15789473684210525,0.06643356643356643,0.01588180978762696
0.16666666666666666,0.2777777777777778,0.2777777777777778,0.05555555555555555,0.0,0.1111111111111111,0.0,0.05555555555555555,0.0,0.05555555555555555,0.05555555555555555,0.03015075376884422,0.011522633744855968
0.05263157894736842,0.0,0.5789473684210527,0.10526315789473684,0.0,0.21052631578947367,0.0,0.0,0.0,0.05263157894736842,0.05263157894736842,0.04773869346733668,0.032902431517389974
0.06666666666666667,0.0,0.13333333333333333,0.2,0.0,0.5333333333333333,0.0,0.06666666666666667,0.0,0.0,0.0,0.0528169014084507,0.027901234567901237
0.0,0.0,0.14285714285714285,0.0,0.0,0.42857142857142855,0.0,0.0,0.0,0.14285714285714285,0.2857142857142857,0.014644351464435146,0.01927437641723356
0.0,0.07407407407407407,0.5185185185185185,0.18518518518518517,0.0,0.07407407407407407,0.0,0.037037037037037035,0.07407407407407407,0.037037037037037035,0.037037037037037035,0.0380818053596615,0.024706599603718946
0.058823529411764705,0.11764705882352941,0.17647058823529413,0.11764705882352941,0.0,0.23529411764705882,0.0,0.058823529411764705,0.0,0.0,0.23529411764705882,0.048295454545454544,0.006958861976163014
0.0625,0.0,0.3125,0.3125,0.0,0.0625,0.0,0.0,0.0,0.0,0.3125,0.03970223325062035,0.016319444444444442
0.17777777777777778,0.0,0.1111111111111111,0.4,0.0,0.1111111111111111,0.0,0.1111111111111111,0.022222222222222223,0.0,0.1111111111111111,0.07992895204262877,0.015780521262002745
0.4666666666666667,0.06666666666666667,0.0,0.06666666666666667,0.06666666666666667,0.4,0.0,0.0,0.0,0.0,0.06666666666666667,0.04491017964071856,0.030814814814814812
0.05405405405405406,0.08108108108108109,0.1891891891891892,0.35135135135135137,0.0,0.05405405405405406,0.02702702702702703,0.02702702702702703,0.0,0.0,0.24324324324324326,0.09002433090024331,0.0124097070043016
0.25,0.0,0.15,0.45,0.0,0.0,0.0,0.05,0.05,0.0,0.25,0.05390835579514825,0.02247222222222222
0.2,0.0,0.13333333333333333,0.4,0.0,0.13333333333333333,0.0,0.1,0.0,0.0,0.06666666666666667,0.10101010101010101,0.01690123456790123
0.16666666666666666,0.08333333333333333,0.041666666666666664,0.4166666666666667,0.041666666666666664,0.041666666666666664,0.0,0.0,0.041666666666666664,0.0,0.20833333333333334,0.04088586030664395,0.016203703703703706
0.09090909090909091,0.09090909090909091,0.045454545454545456,0.2727272727272727,0.13636363636363635,0.045454545454545456,0.0,0.18181818181818182,0.09090909090909091,0.045454545454545456,0.045454545454545456,0.04943820224719101,0.006336088154269972
0.275,0.0,0.075,0.075,0.025,0.375,0.0,0.0,0.025,0.2,0.075,0.0546448087431694,0.017611111111111116
0.21212121212121213,0.030303030303030304,0.09090909090909091,0.15151515151515152,0.0,0.06060606060606061,0.0,0.0,0.12121212121212122,0.030303030303030304,0.30303030303030304,0.11148648648648649,0.005315784103662891
0.14285714285714285,0.09523809523809523,0.14285714285714285,0.09523809523809523,0.047619047619047616,0.047619047619047616,0.0,0.0,0.0,0.0,0.47619047619047616,0.02494061757719715,0.0034265558075081883
0.0,0.0,0.05555555555555555,0.5555555555555556,0.0,0.0,0.0,0.0,0.0,0.0,0.3888888888888889,0.05825242718446602,0.030486968449931415
0.0,0.0,0.23529411764705882,0.5882352941176471,0.0,0.0,0.0,0.0,0.0,0.0,0.4117647058823529,0.06640625,0.037062668204536714
0.2777777777777778,0.2222222222222222,0.16666666666666666,0.08333333333333333,0.05555555555555555,0.1111111111111111,0.0,0.08333333333333333,0.0,0.0,0.05555555555555555,0.08801955990220049,0.00929355281207133
0.08,0.16,0.16,0.0,0.04,0.48,0.04,0.04,0.0,0.0,0.0,0.07936507936507936,0.021422222222222224
0.20689655172413793,0.034482758620689655,0.10344827586206896,0.2413793103448276,0.0,0.10344827586206896,0.1724137931034483,0.034482758620689655,0.0,0.0,0.10344827586206896,0.08787878787878788,0.00824415378517638
0.14285714285714285,0.0,0.42857142857142855,0.14285714285714285,0.0,0.14285714285714285,0.0,0.0,0.0,0.0,0.14285714285714285,0.027237354085603113,0.01904761904761905
0.45,0.0,0.15,0.25,0.0,0.0,0.05,0.05,0.0,0.0,0.05,0.0380952380952381,0.022472222222222223
0.09090909090909091,0.18181818181818182,0.18181818181818182,0.18181818181818182,0.09090909090909091,0.18181818181818182,0.0,0.09090909090909091,0.0,0.0,0.0,0.0275,0.006336088154269974
0.0,0.14285714285714285,0.6666666666666666,0.09523809523809523,0.0,0.047619047619047616,0.0,0.0,0.0,0.0,0.047619047619047616,0.029411764705882353,0.04283194759385235
0.29411764705882354,0.0,0.058823529411764705,0.5294117647058824,0.0,0.058823529411764705,0.0,0.0,0.0,0.058823529411764705,0.0,0.034552845528455285,0.030795847750865055
0.14285714285714285,0.14285714285714285,0.09523809523809523,0.23809523809523808,0.0,0.23809523809523808,0.047619047619047616,0.0,0.047619047619047616,0.0,0.047619047619047616,0.05982905982905983,0.00856638951877047
0.2,0.0,0.5,0.0,0.0,0.1,0.1,0.0,0.0,0.0,0.1,0.02881844380403458,0.025444444444444447
0.1,0.0,0.0,0.0,0.0,0.4,0.0,0.0,0.2,0.1,0.3,0.03861003861003861,0.01733333333333334
0.047619047619047616,0.0,0.19047619047619047,0.42857142857142855,0.0,0.19047619047619047,0.0,0.09523809523809523,0.047619047619047616,0.0,0.047619047619047616,0.06862745098039216,0.018871252204585534
0.0,0.0,0.1111111111111111,0.4444444444444444,0.0,0.3333333333333333,0.0,0.1111111111111111,0.0,0.0,0.0,0.02694610778443114,0.025925925925925925
0.09090909090909091,0.0,0.2727272727272727,0.36363636363636365,0.12121212121212122,0.09090909090909091,0.0,0.0,0.0,0.0,0.06060606060606061,0.08661417322834646,0.01662075298438935
0.15384615384615385,0.0,0.23076923076923078,0.07692307692307693,0.0,0.0,0.07692307692307693,0.07692307692307693,0.0,0.0,0.38461538461538464,0.02073365231259968,0.006311637080867852
0.07692307692307693,0.0,0.15384615384615385,0.23076923076923078,0.0,0.38461538461538464,0.0,0.15384615384615385,0.0,0.0,0.0,0.05241935483870968,0.01715976331360947
0.14285714285714285,0.09523809523809523,0.38095238095238093,0.23809523809523808,0.0,0.0,0.0,0.047619047619047616,0.0,0.09523809523809523,0.0,0.061046511627906974,0.015847820609725376
0.0,0.0,0.24,0.32,0.0,0.08,0.0,0.24,0.04,0.04,0.12,0.050200803212851405,0.015004444444444444
0.16666666666666666,0.06666666666666667,0.1,0.4,0.0,0.13333333333333333,0.0,0.06666666666666667,0.03333333333333333,0.0,0.03333333333333333,0.0398936170212766,0.014679012345679011
0.07692307692307693,0.0,0.46153846153846156,0.07692307692307693,0.0,0.07692307692307693,0.07692307692307693,0.0,0.0,0.07692307692307693,0.15384615384615385,0.04421768707482993,0.01900065746219592
0.18181818181818182,0.0,0.45454545454545453,0.09090909090909091,0.045454545454545456,0.045454545454545456,0.0,0.045454545454545456,0.09090909090909091,0.045454545454545456,0.0,0.057291666666666664,0.018273645546372817
0.07317073170731707,0.0,0.12195121951219512,0.07317073170731707,0.0,0.4878048780487805,0.0,0.12195121951219512,0.14634146341463414,0.0,0.0,0.12023460410557185,0.021653777513384893
0.09523809523809523,0.047619047619047616,0.0,0.42857142857142855,0.0,0.3333333333333333,0.0,0.0,0.0,0.0,0.14285714285714285,0.05343511450381679,0.02491811539430587
0.08108108108108109,0.05405405405405406,0.40540540540540543,0.13513513513513514,0.0,0.05405405405405406,0.0,0.21621621621621623,0.05405405405405406,0.0,0.02702702702702703,0.07061068702290077,0.01607824040256473
0.16,0.08,0.32,0.24,0.0,0.04,0.0,0.04,0.04,0.04,0.08,0.04488330341113106,0.011804444444444444
0.0,0.05555555555555555,0.3888888888888889,0.3333333333333333,0.05555555555555555,0.05555555555555555,0.0,0.0,0.0,0.0,0.16666666666666666,0.02112676056338028,0.02139917695473251
0.125,0.041666666666666664,0.0,0.375,0.0,0.041666666666666664,0.0,0.375,0.0,0.0,0.08333333333333333,0.07692307692307693,0.02316743827160493
0.15,0.1,0.25,0.25,0.0,0.1,0.0,0.05,0.05,0.0,0.05,0.058823529411764705,0.009138888888888889
0.0,0.0,0.2857142857142857,0.2857142857142857,0.0,0.19047619047619047,0.0,0.0,0.0,0.14285714285714285,0.14285714285714285,0.05060240963855422,0.015343915343915342
0.35294117647058826,0.0,0.17647058823529413,0.35294117647058826,0.0,0.0,0.0,0.0,0.0,0.0,0.11764705882352941,0.032818532818532815,0.022491349480968866
0.2,0.0,0.25,0.35,0.15,0.1,0.0,0.0,0.05,0.0,0.35,0.06042296072507553,0.015444444444444443
0.3125,0.0,0.1875,0.3125,0.09375,0.15625,0.0,0.0,0.0,0.0,0.0625,0.07126948775055679,0.016753472222222218
0.15,0.15,0.15,0.25,0.0,0.05,0.0,0.1,0.15,0.0,0.0,0.035650623885918005,0.007222222222222223
0.058823529411764705,0.058823529411764705,0.17647058823529413,0.058823529411764705,0.058823529411764705,0.35294117647058826,0.0,0.058823529411764705,0.0,0.11764705882352941,0.11764705882352941,0.05723905723905724,0.010918877354863516
0.19047619047619047,0.0,0.23809523809523808,0.23809523809523808,0.23809523809523808,0.0,0.0,0.047619047619047616,0.0,0.0,0.09523809523809523,0.03343949044585987,0.013101536911060717
0.12,0.04,0.16,0.08,0.0,0.12,0.08,0.0,0.08,0.04,0.28,0.06218905472636816,0.0027733333333333334
0.21428571428571427,0.03571428571428571,0.25,0.42857142857142855,0.0,0.03571428571428571,0.0,0.07142857142857142,0.0,0.0,0.0,0.07329842931937172,0.0213860544217687
0.0,0.0,0.0,0.4444444444444444,0.1111111111111111,0.0,0.0,0.1111111111111111,0.1111111111111111,0.0,0.2222222222222222,0.022222222222222223,0.019341563786008226
0.3125,0.0,0.3125,0.0625,0.0,0.25,0.0,0.0625,0.0,0.0,0.0,0.05714285714285714,0.018402777777777782
0.2413793103448276,0.0,0.27586206896551724,0.1724137931034483,0.0,0.0,0.034482758620689655,0.034482758620689655,0.0,0.0,0.2413793103448276,0.06839622641509434,0.012101994979521734
0.3076923076923077,0.0,0.23076923076923078,0.23076923076923078,0.0,0.07692307692307693,0.0,0.0,0.0,0.07692307692307693,0.23076923076923078,0.04797047970479705,0.014201183431952662
0.4897959183673469,0.02040816326530612,0.1836734693877551,0.20408163265306123,0.0,0.02040816326530612,0.02040816326530612,0.02040816326530612,0.0,0.0,0.04081632653061224,0.06684856753069578,0.02499421537322412
0.15625,0.125,0.21875,0.125,0.0,0.09375,0.0,0.0625,0.0,0.0,0.25,0.09248554913294797,0.006130642361111111
0.08,0.24,0.0,0.36,0.0,0.04,0.0,0.0,0.28,0.0,0.08,0.056433408577878104,0.01928888888888889
0.11363636363636363,0.0,0.25,0.06818181818181818,0.0,0.4772727272727273,0.0,0.0,0.0,0.0,0.09090909090909091,0.07272727272727272,0.025022956841138658
0.14285714285714285,0.14285714285714285,0.16071428571428573,0.16071428571428573,0.0,0.35714285714285715,0.0,0.017857142857142856,0.017857142857142856,0.0,0.0,0.08682170542635659,0.01340702947845805
0.0,0.0,0.42857142857142855,0.42857142857142855,0.0,0.14285714285714285,0.0,0.0,0.0,0.0,0.0,0.025925925925925925,0.03197278911564625
0.125,0.0,0.625,0.125,0.0,0.0,0.0,0.0,0.0,0.0,0.25,0.020671834625323,0.038368055555555544
0.0,0.2571428571428571,0.17142857142857143,0.22857142857142856,0.0,0.08571428571428572,0.0,0.08571428571428572,0.11428571428571428,0.02857142857142857,0.02857142857142857,0.05124450951683748,0.009106575963718819
0.20833333333333334,0.125,0.20833333333333334,0.20833333333333334,0.041666666666666664,0.08333333333333333,0.0,0.08333333333333333,0.0,0.0,0.041666666666666664,0.08275862068965517,0.007735339506172841
0.4,0.0,0.4,0.1,0.0,0.0,0.1,0.0,0.0,0.0,0.0,0.03968253968253968,0.026666666666666675
0.03333333333333333,0.1,0.16666666666666666,0.06666666666666667,0.03333333333333333,0.2,0.0,0.23333333333333334,0.13333333333333333,0.03333333333333333,0.03333333333333333,0.07407407407407407,0.006419753086419754
0.043478260869565216,0.0,0.4782608695652174,0.30434782608695654,0.0,0.08695652173913043,0.0,0.043478260869565216,0.043478260869565216,0.0,0.0,0.05764411027568922,0.026065952530980888
0.175,0.075,0.075,0.075,0.075,0.425,0.0,0.025,0.025,0.0,0.075,0.08421052631578947,0.016083333333333328
0.0,0.0625,0.375,0.125,0.0,0.125,0.0625,0.0,0.0,0.0,0.375,0.05177993527508091,0.013715277777777778
0.11538461538461539,0.34615384615384615,0.11538461538461539,0.3076923076923077,0.0,0.019230769230769232,0.07692307692307693,0.0,0.0,0.0,0.038461538461538464,0.10655737704918032,0.016802268244575938
0.2727272727272727,0.0,0.2727272727272727,0.18181818181818182,0.0,0.18181818181818182,0.0,0.0,0.045454545454545456,0.0,0.045454545454545456,0.07719298245614035,0.013980716253443524
0.2,0.0,0.2,0.5,0.0,0.0,0.0,0.0,0.0,0.1,0.0,0.03134796238244514,0.026666666666666672
0.09090909090909091,0.0,0.45454545454545453,0.12121212121212122,0.030303030303030304,0.21212121212121213,0.0,0.0,0.030303030303030304,0.0,0.09090909090909091,0.09705882352941177,0.02090602999693909
0.1568627450980392,0.0,0.21568627450980393,0.29411764705882354,0.0,0.2549019607843137,0.0,0.058823529411764705,0.0196078431372549,0.0196078431372549,0.0,0.08557046979865772,0.01365286855482934
0.2,0.0,0.3333333333333333,0.2,0.0,0.26666666666666666,0.0,0.0,0.0,0.0,0.0,0.056179775280898875,0.018024691358024692
0.06060606060606061,0.0,0.06060606060606061,0.18181818181818182,0.0,0.6060606060606061,0.0,0.09090909090909091,0.0,0.0,0.0,0.12890625,0.03510866238138966
0.022222222222222223,0.044444444444444446,0.4888888888888889,0.17777777777777778,0.08888888888888889,0.022222222222222223,0.0,0.06666666666666667,0.044444444444444446,0.022222222222222223,0.06666666666666667,0.09846827133479212,0.02142112482853224
0.0,1.0,0.0,0.0,0.0,0.0,0.0,0.0,0.0,0.0,1.0,0.0026109660574412533,0.10000000000000002
0.391304347826087,0.0,0.391304347826087,0.08695652173913043,0.0,0.0,0.0,0.0,0.0,0.0,0.13043478260869565,0.06865671641791045,0.026465028355387523
0.0,0.14285714285714285,0.0,0.2857142857142857,0.0,0.0,0.0,0.0,0.0,0.42857142857142855,0.42857142857142855,0.01627906976744186,0.023582766439909295
0.0,0.0,0.3,0.4,0.0,0.1,0.0,0.1,0.0,0.0,0.1,0.022222222222222223,0.021
0.0,0.12,0.16,0.36,0.0,0.0,0.0,0.24,0.0,0.0,0.2,0.05841121495327103,0.016640000000000002
0.2222222222222222,0.05555555555555555,0.05555555555555555,0.1111111111111111,0.05555555555555555,0.2777777777777778,0.0,0.05555555555555555,0.0,0.05555555555555555,0.1111111111111111,0.07563025210084033,0.008367626886145403
0.10344827586206896,0.0,0.06896551724137931,0.4482758620689655,0.034482758620689655,0.034482758620689655,0.0,0.034482758620689655,0.0,0.0,0.27586206896551724,0.09666666666666666,0.018615404941207555
0.0,0.0,0.2222222222222222,0.4444444444444444,0.1111111111111111,0.0,0.0,0.0,0.0,0.0,0.2222222222222222,0.016822429906542057,0.02208504801097393
0.08108108108108109,0.0,0.2972972972972973,0.4594594594594595,0.0,0.0,0.02702702702702703,0.10810810810810811,0.02702702702702703,0.0,0.0,0.148,0.024356789221654088
0.2631578947368421,0.0,0.2631578947368421,0.15789473684210525,0.0,0.2631578947368421,0.0,0.05263157894736842,0.0,0.0,0.0,0.05053191489361702,0.01505078485687904
0.05,0.2,0.25,0.05,0.0,0.2,0.05,0.2,0.0,0.0,0.0,0.04950495049504951,0.010000000000000002
0.10638297872340426,0.0,0.1276595744680851,0.2553191489361702,0.02127659574468085,0.02127659574468085,0.0,0.2553191489361702,0.1702127659574468,0.0,0.0425531914893617,0.14873417721518986,0.010688597153060711
0.08,0.08,0.16,0.2,0.04,0.0,0.04,0.28,0.08,0.0,0.04,0.06142506142506143,0.008248888888888892
0.14814814814814814,0.037037037037037035,0.2222222222222222,0.2962962962962963,0.0,0.037037037037037035,0.0,0.2222222222222222,0.0,0.0,0.1111111111111111,0.055327868852459015,0.013168724279835389
0.14285714285714285,0.07142857142857142,0.07142857142857142,0.07142857142857142,0.0,0.35714285714285715,0.0,0.07142857142857142,0.0,0.0,0.2857142857142857,0.050724637681159424,0.01184807256235828
0.38095238095238093,0.23809523809523808,0.047619047619047616,0.09523809523809523,0.0,0.0,0.047619047619047616,0.09523809523809523,0.0,0.0,0.09523809523809523,0.07806691449814127,0.01584782060972537
0.14285714285714285,0.0,0.14285714285714285,0.6428571428571429,0.07142857142857142,0.0,0.0,0.0,0.0,0.0,0.07142857142857142,0.038781163434903045,0.03990929705215421
0.03125,0.0625,0.25,0.21875,0.0,0.21875,0.0,0.15625,0.03125,0.0,0.0625,0.082687338501292,0.010514322916666666
0.043478260869565216,0.08695652173913043,0.34782608695652173,0.08695652173913043,0.0,0.08695652173913043,0.0,0.2608695652173913,0.0,0.0,0.08695652173913043,0.05411764705882353,0.014471749632430161
0.09090909090909091,0.0,0.2727272727272727,0.36363636363636365,0.045454545454545456,0.13636363636363635,0.0,0.09090909090909091,0.0,0.0,0.0,0.06606606606606606,0.01597796143250689
0.03636363636363636,0.10909090909090909,0.2727272727272727,0.18181818181818182,0.01818181818181818,0.01818181818181818,0.0,0.2545454545454545,0.0,0.0,0.18181818181818182,0.07217847769028872,0.011860422405876949
0.2,0.2,0.4,0.13333333333333333,0.0,0.0,0.06666666666666667,0.0,0.0,0.0,0.06666666666666667,0.02835538752362949,0.018024691358024696
0.23809523809523808,0.09523809523809523,0.0,0.14285714285714285,0.0,0.09523809523809523,0.047619047619047616,0.38095238095238093,0.0,0.0,0.0,0.08333333333333333,0.015847820609725373
0.0,0.0,0.6,0.4,0.0,0.0,0.0,0.0,0.0,0.0,0.0,0.01567398119122257,0.04666666666666667
0.1111111111111111,0.037037037037037035,0.07407407407407407,0.6296296296296297,0.0,0.07407407407407407,0.0,0.0,0.037037037037037035,0.0,0.1111111111111111,0.05856832971800434,0.03664075598231977
0.05405405405405406,0.05405405405405406,0.1891891891891892,0.16216216216216217,0.08108108108108109,0.16216216216216217,0.0,0.08108108108108109,0.21621621621621623,0.0,0.0,0.10541310541310542,0.006014122230338447
0.25925925925925924,0.07407407407407407,0.2962962962962963,0.2222222222222222,0.0,0.07407407407407407,0.0,0.037037037037037035,0.037037037037037035,0.0,0.0,0.06601466992665037,0.013122999542752626
0.10526315789473684,0.02631578947368421,0.13157894736842105,0.15789473684210525,0.0,0.42105263157894735,0.0,0.07894736842105263,0.0,0.0,0.07894736842105263,0.08755760368663594,0.016966759002770077
0.13636363636363635,0.2727272727272727,0.13636363636363635,0.36363636363636365,0.0,0.0,0.045454545454545456,0.0,0.0,0.0,0.045454545454545456,0.058666666666666666,0.01719467401285583
0.0,0.023255813953488372,0.23255813953488372,0.13953488372093023,0.0,0.5116279069767442,0.0,0.06976744186046512,0.046511627906976744,0.06976744186046512,0.0,0.09930715935334873,0.025365062195781506
0.04878048780487805,0.07317073170731707,0.12195121951219512,0.17073170731707318,0.024390243902439025,0.17073170731707318,0.0975609756097561,0.21951219512195122,0.04878048780487805,0.0,0.024390243902439025,0.06996587030716724,0.005155661312710689
0.0,0.0,0.2962962962962963,0.48148148148148145,0.037037037037037035,0.037037037037037035,0.0,0.0,0.14814814814814814,0.037037037037037035,0.14814814814814814,0.06633906633906633,0.02645938119189148
0.07142857142857142,0.07142857142857142,0.14285714285714285,0.38095238095238093,0.0,0.23809523809523808,0.0,0.023809523809523808,0.047619047619047616,0.0,0.023809523809523808,0.0825147347740668,0.015551776266061976
0.0,0.0,0.45454545454545453,0.18181818181818182,0.0,0.09090909090909091,0.0,0.09090909090909091,0.09090909090909091,0.0,0.09090909090909091,0.03293413173652695,0.020202020202020204
0.16,0.0,0.08,0.28,0.0,0.4,0.0,0.08,0.0,0.0,0.0,0.08223684210526316,0.01964444444444445
0.17647058823529413,0.058823529411764705,0.058823529411764705,0.35294117647058826,0.0,0.0,0.0,0.17647058823529413,0.0,0.0,0.17647058823529413,0.05802047781569966,0.013994617454825069
0.08333333333333333,0.0,0.25,0.08333333333333333,0.08333333333333333,0.25,0.0,0.08333333333333333,0.0,0.08333333333333333,0.08333333333333333,0.032,0.008410493827160491
0.0,0.0,0.1,0.5,0.0,0.1,0.0,0.3,0.0,0.0,0.0,0.032362459546925564,0.028888888888888895
0.3157894736842105,0.02631578947368421,0.15789473684210525,0.3157894736842105,0.0,0.10526315789473684,0.0,0.02631578947368421,0.02631578947368421,0.0,0.02631578947368421,0.10079575596816977,0.015858725761772854
0.6818181818181818,0.0,0.06818181818181818,0.11363636363636363,0.0,0.0,0.0,0.022727272727272728,0.0,0.06818181818181818,0.045454545454545456,0.11609498680738786,0.04405417814508722
0.1875,0.0,0.0625,0.0625,0.0,0.5625,0.0,0.0,0.0,0.0,0.125,0.04456824512534819,0.03142361111111111
0.047619047619047616,0.19047619047619047,0.14285714285714285,0.14285714285714285,0.047619047619047616,0.047619047619047616,0.047619047619047616,0.0,0.047619047619047616,0.0,0.3333333333333333,0.03620689655172414,0.0041572184429327285
0.08333333333333333,0.1111111111111111,0.08333333333333333,0.5555555555555556,0.05555555555555555,0.1111111111111111,0.0,0.0,0.027777777777777776,0.0,0.1111111111111111,0.05106382978723404,0.02727194787379973
0.0,0.0,0.043478260869565216,0.21739130434782608,0.0,0.30434782608695654,0.13043478260869565,0.0,0.043478260869565216,0.043478260869565216,0.21739130434782608,0.058673469387755105,0.01125813904641882
0.15384615384615385,0.038461538461538464,0.46153846153846156,0.11538461538461539,0.0,0.15384615384615385,0.0,0.07692307692307693,0.0,0.0,0.0,0.044293015332197615,0.02011834319526628
0.10344827586206896,0.0,0.2413793103448276,0.06896551724137931,0.0,0.13793103448275862,0.0,0.27586206896551724,0.10344827586206896,0.13793103448275862,0.0,0.07733333333333334,0.009367155502708417
0.06666666666666667,0.0,0.0,0.8666666666666667,0.0,0.06666666666666667,0.0,0.0,0.0,0.0,0.06666666666666667,0.046875,0.07333333333333333
0.68,0.04,0.04,0.24,0.0,0.0,0.0,0.0,0.0,0.0,0.0,0.07062146892655367,0.047022222222222236
0.0,0.08333333333333333,0.16666666666666666,0.0,0.08333333333333333,0.08333333333333333,0.0,0.5833333333333334,0.0,0.0,0.0,0.02158273381294964,0.032098765432098775
0.041666666666666664,0.041666666666666664,0.16666666666666666,0.4583333333333333,0.041666666666666664,0.0,0.0,0.08333333333333333,0.041666666666666664,0.08333333333333333,0.041666666666666664,0.07894736842105263,0.01853780864197531
0.1875,0.0,0.125,0.3125,0.0625,0.0625,0.0,0.125,0.0625,0.0,0.0625,0.027972027972027972,0.009765625
0.06666666666666667,0.0,0.6,0.2,0.06666666666666667,0.0,0.0,0.06666666666666667,0.0,0.0,0.0,0.033860045146726865,0.03481481481481482
0.041666666666666664,0.08333333333333333,0.08333333333333333,0.625,0.0,0.08333333333333333,0.0,0.041666666666666664,0.0,0.0,0.041666666666666664,0.07430340557275542,0.03589891975308643
0.0,0.0,0.3,0.0,0.0,0.3,0.0,0.1,0.0,0.0,0.3,0.024271844660194174,0.015666666666666662
0.08333333333333333,0.041666666666666664,0.5416666666666666,0.041666666666666664,0.041666666666666664,0.125,0.0,0.0,0.041666666666666664,0.041666666666666664,0.08333333333333333,0.05263157894736842,0.02586805555555555
0.04838709677419355,0.04838709677419355,0.25806451612903225,0.20967741935483872,0.0,0.06451612903225806,0.08064516129032258,0.20967741935483872,0.0,0.0,0.08064516129032258,0.15938303341902313,0.009483755347439012
0.13157894736842105,0.02631578947368421,0.2894736842105263,0.0,0.0,0.23684210526315788,0.0,0.02631578947368421,0.21052631578947367,0.0,0.07894736842105263,0.07835051546391752,0.01311942136041859
0.0,0.0,0.5652173913043478,0.08695652173913043,0.0,0.21739130434782608,0.0,0.043478260869565216,0.0,0.043478260869565216,0.043478260869565216,0.0575,0.031842049989498
0.08333333333333333,0.0,0.08333333333333333,0.25,0.0,0.08333333333333333,0.0,0.16666666666666666,0.08333333333333333,0.0,0.25,0.016643550624133148,0.006867283950617284
0.19230769230769232,0.0,0.34615384615384615,0.34615384615384615,0.0,0.07692307692307693,0.0,0.038461538461538464,0.038461538461538464,0.0,0.07692307692307693,0.05179282868525897,0.019740302432610123
0.0,0.05555555555555555,0.05555555555555555,0.2222222222222222,0.1111111111111111,0.0,0.1111111111111111,0.0,0.0,0.1111111111111111,0.3333333333333333,0.03231597845601436,0.005349794238683127
0.0,0.0,0.29411764705882354,0.23529411764705882,0.0,0.4117647058823529,0.0,0.0,0.0,0.0,0.11764705882352941,0.06463878326996197,0.0247597078046905
0.18181818181818182,0.0,0.09090909090909091,0.18181818181818182,0.0,0.09090909090909091,0.0,0.0,0.0,0.09090909090909091,0.36363636363636365,0.030470914127423823,0.005601469237832874
0.08695652173913043,0.13043478260869565,0.13043478260869565,0.17391304347826086,0.043478260869565216,0.34782608695652173,0.0,0.043478260869565216,0.0,0.043478260869565216,0.043478260869565216,0.058524173027989825,0.01094307918504516
0.18,0.06,0.18,0.34,0.0,0.14,0.0,0.06,0.0,0.0,0.08,0.07849293563579278,0.012782222222222224
0.2,0.2,0.08,0.36,0.0,0.04,0.0,0.0,0.0,0.0,0.24,0.03881987577639751,0.015573333333333331
0.11428571428571428,0.02857142857142857,0.3142857142857143,0.2571428571428571,0.0,0.17142857142857143,0.0,0.02857142857142857,0.0,0.0,0.08571428571428572,0.0684931506849315,0.013931972789115645
0.058823529411764705,0.0,0.11764705882352941,0.6470588235294118,0.0,0.11764705882352941,0.0,0.0,0.0,0.0,0.47058823529411764,0.04885057471264368,0.040138408304498274
0.2,0.0,0.2,0.6,0.0,0.0,0.0,0.0,0.0,0.0,0.0,0.014044943820224719,0.037777777777777785
0.15384615384615385,0.0,0.23076923076923078,0.3076923076923077,0.0,0.07692307692307693,0.0,0.0,0.0,0.0,0.23076923076923078,0.03044496487119438,0.01314924391847469
0.09523809523809523,0.09523809523809523,0.42857142857142855,0.23809523809523808,0.0,0.047619047619047616,0.0,0.14285714285714285,0.0,0.0,0.0,0.057534246575342465,0.019047619047619046
0.5263157894736842,0.0,0.15789473684210525,0.10526315789473684,0.0,0.10526315789473684,0.0,0.05263157894736842,0.0,0.0,0.05263157894736842,0.054441260744985676,0.026346568174823018
0.22727272727272727,0.0,0.18181818181818182,0.09090909090909091,0.0,0.13636363636363635,0.0,0.0,0.045454545454545456,0.2727272727272727,0.045454545454545456,0.023579849946409433,0.01076675849403122
0.1111111111111111,0.05555555555555555,0.2222222222222222,0.2777777777777778,0.05555555555555555,0.1111111111111111,0.0,0.0,0.1111111111111111,0.0,0.1111111111111111,0.05921052631578947,0.008950617283950616
0.1,0.1,0.05,0.275,0.0,0.275,0.075,0.1,0.0,0.0,0.05,0.0936768149882904,0.010479166666666666
0.10526315789473684,0.10526315789473684,0.07894736842105263,0.23684210526315788,0.0,0.10526315789473684,0.02631578947368421,0.13157894736842105,0.21052631578947367,0.0,0.07894736842105263,0.07983193277310924,0.006432748538011696
0.18181818181818182,0.0,0.045454545454545456,0.36363636363636365,0.045454545454545456,0.18181818181818182,0.0,0.0,0.18181818181818182,0.0,0.0,0.05314009661835749,0.01505968778696052
0.0,0.0,0.625,0.25,0.0,0.125,0.0,0.0,0.0,0.0,0.0,0.01652892561983471,0.04097222222222223
0.09090909090909091,0.045454545454545456,0.2727272727272727,0.45454545454545453,0.0,0.0,0.0,0.045454545454545456,0.0,0.0,0.13636363636363635,0.031294452347083924,0.023415977961432508
0.36363636363636365,0.030303030303030304,0.030303030303030304,0.30303030303030304,0.0,0.0,0.030303030303030304,0.06060606060606061,0.0,0.18181818181818182,0.0,0.04700854700854701,0.018171615141312117
0.0,0.0,0.3333333333333333,0.3333333333333333,0.0,0.3333333333333333,0.0,0.0,0.0,0.0,0.0,0.019933554817275746,0.025925925925925925
0.2,0.05,0.15,0.3,0.0,0.05,0.0,0.0,0.0,0.0,0.25,0.043668122270742356,0.01125
0.02857142857142857,0.0,0.11428571428571428,0.05714285714285714,0.02857142857142857,0.5714285714285714,0.0,0.02857142857142857,0.0,0.11428571428571428,0.08571428571428572,0.07918552036199095,0.029941043083900228
0.0,0.0,0.4375,0.0625,0.0,0.375,0.0,0.0,0.0625,0.0,0.0625,0.05245901639344262,0.027994791666666668
0.2857142857142857,0.0,0.38095238095238093,0.14285714285714285,0.047619047619047616,0.0,0.0,0.047619047619047616,0.047619047619047616,0.047619047619047616,0.09523809523809523,0.0481651376146789,0.017359536407155454
0.42105263157894735,0.0,0.10526315789473684,0.3157894736842105,0.0,0.0,0.0,0.0,0.05263157894736842,0.05263157894736842,0.05263157894736842,0.04408352668213457,0.02265312403816559
0.22580645161290322,0.03225806451612903,0.4838709677419355,0.12903225806451613,0.0967741935483871,0.03225806451612903,0.0,0.0,0.0,0.0,0.0,0.051926298157453935,0.02369060006937219
0.030303030303030304,0.2727272727272727,0.18181818181818182,0.2727272727272727,0.0,0.030303030303030304,0.06060606060606061,0.030303030303030304,0.09090909090909091,0.0,0.09090909090909091,0.07081545064377683,0.01138659320477502
0.2,0.0,0.16,0.52,0.04,0.12,0.0,0.0,0.0,0.08,0.0,0.056433408577878104,0.025884444444444446
0.08333333333333333,0.0,0.4166666666666667,0.16666666666666666,0.08333333333333333,0.08333333333333333,0.0,0.0,0.0,0.08333333333333333,0.08333333333333333,0.030612244897959183,0.016126543209876547
0.08108108108108109,0.0,0.08108108108108109,0.21621621621621623,0.0,0.02702702702702703,0.0,0.5135135135135135,0.08108108108108109,0.0,0.08108108108108109,0.15163934426229508,0.025655385114844574
0.125,0.125,0.25,0.25,0.0,0.0,0.0,0.125,0.125,0.0,0.25,0.023809523809523808,0.009722222222222222
0.09090909090909091,0.045454545454545456,0.20454545454545456,0.25,0.11363636363636363,0.20454545454545456,0.045454545454545456,0.0,0.0,0.0,0.045454545454545456,0.07407407407407407,0.008930211202938475
0.11538461538461539,0.0,0.34615384615384615,0.23076923076923078,0.0,0.11538461538461539,0.0,0.0,0.0,0.0,0.19230769230769232,0.0790273556231003,0.014940828402366867
0.1724137931034483,0.0,0.3103448275862069,0.034482758620689655,0.27586206896551724,0.1724137931034483,0.0,0.0,0.034482758620689655,0.034482758620689655,0.0,0.0688836104513064,0.014268727705112961
0.06896551724137931,0.06896551724137931,0.10344827586206896,0.4827586206896552,0.0,0.20689655172413793,0.0,0.0,0.034482758620689655,0.0,0.10344827586206896,0.07323232323232323,0.022671422909235035
0.0,0.0,0.08333333333333333,0.4166666666666667,0.0,0.25,0.0,0.0,0.08333333333333333,0.16666666666666666,0.0,0.020654044750430294,0.019753086419753086
0.1951219512195122,0.0,0.14634146341463414,0.07317073170731707,0.0975609756097561,0.34146341463414637,0.0,0.14634146341463414,0.0,0.0,0.0,0.11141304347826086,0.012485954127833966
0.05263157894736842,0.0,0.5789473684210527,0.21052631578947367,0.05263157894736842,0.0,0.0,0.05263157894736842,0.0,0.0,0.10526315789473684,0.04810126582278481,0.03311788242536166
0.11764705882352941,0.0,0.23529411764705882,0.11764705882352941,0.35294117647058826,0.058823529411764705,0.0,0.058823529411764705,0.058823529411764705,0.0,0.35294117647058826,0.042821158690176324,0.013110342176086122
0.4878048780487805,0.024390243902439025,0.2682926829268293,0.07317073170731707,0.0,0.024390243902439025,0.0,0.0,0.0,0.04878048780487805,0.0975609756097561,0.049878345498783457,0.025884063718685967
0.15384615384615385,0.11538461538461539,0.4230769230769231,0.19230769230769232,0.0,0.07692307692307693,0.0,0.0,0.038461538461538464,0.0,0.038461538461538464,0.053497942386831275,0.0178172255095332
0.2222222222222222,0.0,0.05555555555555555,0.3888888888888889,0.0,0.16666666666666666,0.0,0.1111111111111111,0.0,0.16666666666666666,0.0,0.0728744939271255,0.016460905349794237
0.1,0.23333333333333334,0.26666666666666666,0.13333333333333333,0.0,0.06666666666666667,0.0,0.1,0.03333333333333333,0.0,0.06666666666666667,0.056925996204933584,0.009086419753086418
0.18181818181818182,0.0,0.18181818181818182,0.13636363636363635,0.0,0.18181818181818182,0.0,0.2727272727272727,0.045454545454545456,0.0,0.0,0.049773755656108594,0.010468319559228651
0.041666666666666664,0.0,0.20833333333333334,0.125,0.0,0.5625,0.0,0.0625,0.0,0.0,0.0,0.10810810810810811,0.03123070987654322
0.0,0.0625,0.25,0.125,0.125,0.375,0.0,0.0,0.0625,0.0,0.0,0.05555555555555555,0.015798611111111114
0.038461538461538464,0.038461538461538464,0.23076923076923078,0.07692307692307693,0.038461538461538464,0.46153846153846156,0.0,0.07692307692307693,0.0,0.038461538461538464,0.0,0.0718232044198895,0.020447074293228142
0.21818181818181817,0.0,0.2545454545454545,0.12727272727272726,0.0,0.14545454545454545,0.0,0.18181818181818182,0.0,0.0,0.09090909090909091,0.20072992700729927,0.010758494031221302
0.0,0.25,0.0,0.25,0.0,0.0,0.0,0.25,0.0,0.0,0.25,0.009433962264150943,0.01458333333333333
0.0,0.10714285714285714,0.17857142857142858,0.2857142857142857,0.0,0.25,0.03571428571428571,0.03571428571428571,0.07142857142857142,0.03571428571428571,0.07142857142857142,0.055445544554455446,0.010714285714285714
0.0625,0.0,0.4375,0.0,0.25,0.125,0.0,0.0625,0.0,0.0,0.0625,0.031746031746031744,0.021050347222222224
0.1875,0.0625,0.15625,0.46875,0.0,0.0,0.0,0.0,0.03125,0.0,0.09375,0.08333333333333333,0.022450086805555557
0.21875,0.15625,0.09375,0.34375,0.0,0.0,0.0,0.15625,0.0,0.0,0.0625,0.04664723032069971,0.014420572916666667
0.21052631578947367,0.0,0.24561403508771928,0.38596491228070173,0.0,0.05263157894736842,0.0,0.017543859649122806,0.0,0.0,0.08771929824561403,0.1192468619246862,0.019274306624260454
0.1935483870967742,0.03225806451612903,0.08064516129032258,0.5483870967741935,0.0,0.03225806451612903,0.0,0.06451612903225806,0.0,0.0,0.0967741935483871,0.10616438356164383,0.02893109029945658
0.0625,0.03125,0.09375,0.125,0.03125,0.34375,0.0,0.21875,0.0625,0.09375,0.03125,0.0631163708086785,0.01067708333333333
0.05,0.05,0.3,0.25,0.0,0.05,0.1,0.0,0.05,0.0,0.15,0.035523978685612786,0.011138888888888887
0.15625,0.0625,0.28125,0.15625,0.0625,0.15625,0.0,0.03125,0.03125,0.0,0.0625,0.07048458149779736,0.008246527777777778
0.0,0.2,0.0,0.2,0.0,0.2,0.2,0.0,0.0,0.0,0.2,0.017123287671232876,0.010666666666666668
0.07142857142857142,0.0,0.07142857142857142,0.09523809523809523,0.023809523809523808,0.6666666666666666,0.0,0.023809523809523808,0.047619047619047616,0.0,0.09523809523809523,0.09836065573770492,0.04079113126732174
0.0,0.0,0.625,0.25,0.0,0.0625,0.0,0.0,0.0,0.0,0.0625,0.031067961165048542,0.041015625
0.0,0.04,0.28,0.12,0.0,0.4,0.0,0.0,0.16,0.0,0.0,0.056818181818181816,0.020000000000000004
0.1111111111111111,0.0,0.2222222222222222,0.0,0.0,0.37037037037037035,0.0,0.2222222222222222,0.037037037037037035,0.0,0.037037037037037035,0.07049608355091384,0.017436366407559818
0.18571428571428572,0.02857142857142857,0.18571428571428572,0.14285714285714285,0.0,0.07142857142857142,0.0,0.3142857142857143,0.07142857142857142,0.0,0.04285714285714286,0.15873015873015872,0.011020408163265306
0.07407407407407407,0.07407407407407407,0.18518518518518517,0.18518518518518517,0.0,0.14814814814814814,0.07407407407407407,0.07407407407407407,0.037037037037037035,0.0,0.18518518518518517,0.048824593128390596,0.004587715287303765
0.11363636363636363,0.022727272727272728,0.5,0.022727272727272728,0.0,0.022727272727272728,0.0,0.22727272727272727,0.06818181818181818,0.0,0.022727272727272728,0.08461538461538462,0.025028696051423327
0.5,0.0,0.2,0.1,0.0,0.0,0.0,0.0,0.0,0.0,0.2,0.02967359050445104,0.026222222222222216
0.07692307692307693,0.02564102564102564,0.15384615384615385,0.15384615384615385,0.07692307692307693,0.38461538461538464,0.0,0.1282051282051282,0.0,0.0,0.02564102564102564,0.07647058823529412,0.013799400978888161
0.24444444444444444,0.0,0.2222222222222222,0.15555555555555556,0.0,0.13333333333333333,0.0,0.2,0.0,0.0,0.044444444444444446,0.1267605633802817,0.011089163237311385
0.06666666666666667,0.0,0.06666666666666667,0.06666666666666667,0.0,0.6,0.0,0.2,0.0,0.0,0.03333333333333333,0.06756756756756757,0.03481481481481482
0.2777777777777778,0.0,0.5,0.0,0.0,0.2222222222222222,0.0,0.0,0.0,0.0,0.0,0.04522613065326633,0.030727023319615923
0.13793103448275862,0.034482758620689655,0.06896551724137931,0.1724137931034483,0.034482758620689655,0.1724137931034483,0.0,0.034482758620689655,0.0,0.1724137931034483,0.20689655172413793,0.07004830917874397,0.005337561104505219
0.35714285714285715,0.14285714285714285,0.10714285714285714,0.10714285714285714,0.0,0.03571428571428571,0.03571428571428571,0.0,0.07142857142857142,0.0,0.14285714285714285,0.07567567567567568,0.011678004535147396
0.13333333333333333,0.06666666666666667,0.5,0.1,0.0,0.13333333333333333,0.03333333333333333,0.0,0.0,0.0,0.03333333333333333,0.06451612903225806,0.023074074074074066
0.42105263157894735,0.0,0.21052631578947367,0.2631578947368421,0.0,0.0,0.0,0.0,0.0,0.05263157894736842,0.05263157894736842,0.04157549234135667,0.02265312403816559
0.16666666666666666,0.0,0.5,0.0,0.0,0.3333333333333333,0.0,0.0,0.0,0.0,0.0,0.01791044776119403,0.032098765432098775
0.15789473684210525,0.0,0.47368421052631576,0.21052631578947367,0.21052631578947367,0.05263157894736842,0.0,0.0,0.0,0.0,0.10526315789473684,0.02606310013717421,0.024284395198522626
0.058823529411764705,0.0,0.29411764705882354,0.11764705882352941,0.35294117647058826,0.058823529411764705,0.0,0.058823529411764705,0.0,0.0,0.11764705882352941,0.02230971128608924,0.016301422529796234
0.16129032258064516,0.03225806451612903,0.12903225806451613,0.25806451612903225,0.0967741935483871,0.22580645161290322,0.0,0.0,0.0,0.0,0.12903225806451613,0.05772811918063315,0.009897097930396578
0.16666666666666666,0.0,0.5833333333333334,0.08333333333333333,0.0,0.08333333333333333,0.0,0.0,0.0,0.08333333333333333,0.0,0.0379746835443038,0.03209876543209877
0.55,0.0,0.0,0.3,0.0,0.1,0.0,0.0,0.05,0.0,0.05,0.052083333333333336,0.0338888888888889
0.2,0.0,0.3,0.1,0.0,0.1,0.1,0.0,0.0,0.0,0.2,0.035211267605633804,0.010666666666666666
0.2727272727272727,0.0,0.09090909090909091,0.36363636363636365,0.09090909090909091,0.09090909090909091,0.0,0.0,0.0,0.0,0.36363636363636365,0.04247104247104247,0.016528925619834708
0.07692307692307693,0.0,0.38461538461538464,0.15384615384615385,0.07692307692307693,0.07692307692307693,0.0,0.0,0.07692307692307693,0.0,0.15384615384615385,0.041666666666666664,0.013740959894806053
0.0,0.09090909090909091,0.2727272727272727,0.18181818181818182,0.0,0.09090909090909091,0.0,0.0,0.18181818181818182,0.0,0.18181818181818182,0.022044088176352707,0.010009182736455464
0.0,0.0,0.1111111111111111,0.1111111111111111,0.0,0.2222222222222222,0.0,0.0,0.0,0.5555555555555556,0.0,0.027439024390243903,0.03141289437585734
0.0,0.14285714285714285,0.0,0.2857142857142857,0.0,0.0,0.0,0.0,0.0,0.42857142857142855,0.42857142857142855,0.01627906976744186,0.023582766439909295
0.2,0.06666666666666667,0.0,0.06666666666666667,0.06666666666666667,0.2,0.0,0.0,0.0,0.0,0.4666666666666667,0.03968253968253968,0.00637037037037037
0.0,0.16666666666666666,0.6666666666666666,0.0,0.0,0.0,0.0,0.0,0.0,0.16666666666666666,0.0,0.014527845036319613,0.04444444444444443
0.1111111111111111,0.05555555555555555,0.2222222222222222,0.16666666666666666,0.05555555555555555,0.05555555555555555,0.05555555555555555,0.1111111111111111,0.0,0.0,0.2222222222222222,0.03557312252964427,0.004972565157750343
0.0625,0.0,0.25,0.3125,0.0,0.125,0.0625,0.0625,0.0625,0.0,0.0625,0.08,0.011501736111111112
0.07142857142857142,0.21428571428571427,0.0,0.5714285714285714,0.0,0.0,0.0,0.0,0.0,0.0,0.14285714285714285,0.04487179487179487,0.03378684807256235
0.4444444444444444,0.1111111111111111,0.16666666666666666,0.05555555555555555,0.05555555555555555,0.1111111111111111,0.0,0.05555555555555555,0.0,0.0,0.05555555555555555,0.059800664451827246,0.01769547325102881
0.05555555555555555,0.0,0.5,0.1111111111111111,0.0,0.05555555555555555,0.0,0.2222222222222222,0.05555555555555555,0.0,0.0,0.0410958904109589,0.02455418381344308
0.0,0.0,0.14285714285714285,0.2857142857142857,0.0,0.14285714285714285,0.0,0.0,0.0,0.42857142857142855,0.14285714285714285,0.026615969581749048,0.022902494331065757
0.08333333333333333,0.041666666666666664,0.16666666666666666,0.2916666666666667,0.0,0.2916666666666667,0.0,0.041666666666666664,0.041666666666666664,0.0,0.041666666666666664,0.06201550387596899,0.013136574074074077
0.17647058823529413,0.0,0.058823529411764705,0.058823529411764705,0.0,0.17647058823529413,0.0,0.058823529411764705,0.0,0.29411764705882354,0.17647058823529413,0.03353057199211045,0.010149942329873127
0.15789473684210525,0.0,0.3684210526315789,0.21052631578947367,0.10526315789473684,0.05263157894736842,0.0,0.0,0.0,0.0,0.2631578947368421,0.04460093896713615,0.015420129270544782
0.18181818181818182,0.0,0.36363636363636365,0.18181818181818182,0.0,0.18181818181818182,0.0,0.0,0.0,0.0,0.09090909090909091,0.03188405797101449,0.01652892561983471
0.038461538461538464,0.11538461538461539,0.38461538461538464,0.11538461538461539,0.0,0.11538461538461539,0.0,0.0,0.07692307692307693,0.0,0.15384615384615385,0.0406885758998435,0.013740959894806053
0.0,0.0,0.3333333333333333,0.3333333333333333,0.0,0.1111111111111111,0.0,0.1111111111111111,0.0,0.0,0.1111111111111111,0.022388059701492536,0.0186556927297668
0.5625,0.0,0.0,0.375,0.0,0.0,0.0,0.0,0.0,0.0625,0.0,0.032520325203252036,0.04010416666666668
0.0,0.0,0.0,0.6,0.2,0.2,0.0,0.0,0.0,0.0,0.0,0.010080645161290322,0.037777777777777785
0.21052631578947367,0.0,0.05263157894736842,0.15789473684210525,0.15789473684210525,0.15789473684210525,0.05263157894736842,0.0,0.15789473684210525,0.0,0.10526315789473684,0.04785894206549118,0.006648199445983379
0.07317073170731707,0.024390243902439025,0.04878048780487805,0.21951219512195122,0.0,0.04878048780487805,0.0,0.5609756097560976,0.024390243902439025,0.0,0.0,0.10704960835509138,0.03046467050036355
0.14285714285714285,0.047619047619047616,0.30952380952380953,0.21428571428571427,0.023809523809523808,0.14285714285714285,0.0,0.047619047619047616,0.047619047619047616,0.0,0.047619047619047616,0.0549738219895288,0.010512723607961703
0.23333333333333334,0.0,0.36666666666666664,0.0,0.03333333333333333,0.3333333333333333,0.0,0.03333333333333333,0.0,0.03333333333333333,0.03333333333333333,0.07194244604316546,0.021839506172839505
0.16666666666666666,0.0,0.08333333333333333,0.16666666666666666,0.0,0.05555555555555555,0.0,0.4166666666666667,0.027777777777777776,0.0,0.1111111111111111,0.04657179818887452,0.017326817558299044
0.0,0.0625,0.1875,0.4375,0.0,0.0625,0.0,0.0,0.125,0.0,0.1875,0.04092071611253197,0.01927083333333333
0.1,0.0,0.1,0.1,0.0,0.0,0.1,0.0,0.1,0.1,0.4,0.022675736961451247,0.002666666666666667
0.13157894736842105,0.02631578947368421,0.34210526315789475,0.23684210526315788,0.10526315789473684,0.02631578947368421,0.0,0.02631578947368421,0.0,0.05263157894736842,0.05263157894736842,0.05491329479768786,0.012957833179439828
0.037037037037037035,0.07407407407407407,0.2222222222222222,0.4074074074074074,0.0,0.0,0.037037037037037035,0.0,0.07407407407407407,0.037037037037037035,0.2222222222222222,0.0531496062992126,0.016826703246456336
0.038461538461538464,0.0,0.19230769230769232,0.0,0.0,0.6153846153846154,0.0,0.07692307692307693,0.0,0.0,0.07692307692307693,0.06190476190476191,0.037541091387245235
0.1111111111111111,0.1111111111111111,0.4444444444444444,0.2222222222222222,0.1111111111111111,0.0,0.0,0.0,0.0,0.0,0.0,0.028391167192429023,0.020438957475994515
0.23076923076923078,0.0,0.0,0.3076923076923077,0.0,0.07692307692307693,0.0,0.0,0.23076923076923078,0.07692307692307693,0.07692307692307693,0.03412073490813648,0.014201183431952666
0.0,0.12,0.28,0.28,0.0,0.2,0.04,0.0,0.04,0.0,0.04,0.06561679790026247,0.013582222222222225
0.0,0.0,0.375,0.5,0.0,0.125,0.0,0.0,0.0,0.0,0.0,0.019801980198019802,0.03402777777777779
0.17647058823529413,0.058823529411764705,0.29411764705882354,0.29411764705882354,0.0,0.0,0.0,0.11764705882352941,0.0,0.0,0.058823529411764705,0.022193211488250653,0.014763552479815457
0.07142857142857142,0.0,0.35714285714285715,0.14285714285714285,0.0,0.14285714285714285,0.07142857142857142,0.14285714285714285,0.0,0.0,0.07142857142857142,0.034482758620689655,0.012528344671201813
0.15625,0.0,0.28125,0.125,0.03125,0.3125,0.0,0.03125,0.0,0.0,0.0625,0.0653061224489796,0.014539930555555556
0.4583333333333333,0.041666666666666664,0.16666666666666666,0.20833333333333334,0.0,0.041666666666666664,0.0,0.041666666666666664,0.0,0.041666666666666664,0.0,0.06091370558375635,0.02091049382716049
0.06451612903225806,0.0,0.12903225806451613,0.3548387096774194,0.06451612903225806,0.16129032258064516,0.0,0.03225806451612903,0.16129032258064516,0.0,0.06451612903225806,0.09144542772861357,0.012255752110070527
0.0967741935483871,0.0,0.25806451612903225,0.25806451612903225,0.03225806451612903,0.3548387096774194,0.0,0.0,0.0,0.0,0.0,0.0696629213483146,0.01883454734651405
0.0,0.0,0.2222222222222222,0.2222222222222222,0.0,0.3333333333333333,0.1111111111111111,0.1111111111111111,0.0,0.0,0.0,0.028391167192429023,0.014951989026063102
0.5945945945945946,0.0,0.13513513513513514,0.08108108108108109,0.0,0.08108108108108109,0.0,0.0,0.0,0.0,0.10810810810810811,0.05,0.03393393393393393
0.0,0.0,0.15384615384615385,0.8461538461538461,0.0,0.0,0.0,0.0,0.0,0.0,0.0,0.036312849162011177,0.0710716633793557
0.0,0.3333333333333333,0.23809523809523808,0.2857142857142857,0.0,0.09523809523809523,0.0,0.0,0.0,0.0,0.09523809523809523,0.07394366197183098,0.01864449483497102
0.07142857142857142,0.14285714285714285,0.25,0.21428571428571427,0.07142857142857142,0.07142857142857142,0.0,0.07142857142857142,0.0,0.0,0.10714285714285714,0.06436781609195402,0.0077239229024943295
0.13333333333333333,0.37777777777777777,0.15555555555555556,0.17777777777777778,0.044444444444444446,0.022222222222222223,0.0,0.022222222222222223,0.0,0.0,0.1111111111111111,0.17509727626459143,0.014683127572016461
0.058823529411764705,0.0,0.20588235294117646,0.17647058823529413,0.0,0.4117647058823529,0.029411764705882353,0.058823529411764705,0.0,0.0,0.058823529411764705,0.061930783242258654,0.018031526336024603
0.0,0.19230769230769232,0.46153846153846156,0.3076923076923077,0.0,0.038461538461538464,0.0,0.0,0.0,0.0,0.0,0.0466786355475763,0.027350427350427357
0.028169014084507043,0.08450704225352113,0.28169014084507044,0.23943661971830985,0.0,0.07042253521126761,0.0,0.2535211267605634,0.04225352112676056,0.014084507042253521,0.04225352112676056,0.11658456486042693,0.01255482818664727
0.08695652173913043,0.13043478260869565,0.2608695652173913,0.043478260869565216,0.0,0.30434782608695654,0.043478260869565216,0.0,0.0,0.0,0.17391304347826086,0.06804733727810651,0.01260239445494644
0.2222222222222222,0.1111111111111111,0.3333333333333333,0.2222222222222222,0.0,0.0,0.0,0.0,0.0,0.0,0.1111111111111111,0.025139664804469275,0.015912208504801097
0.12,0.0,0.16,0.12,0.0,0.48,0.0,0.12,0.04,0.04,0.0,0.09541984732824428,0.020640000000000002
0.0,0.0,0.23809523809523808,0.19047619047619047,0.0,0.0,0.0,0.047619047619047616,0.047619047619047616,0.0,0.47619047619047616,0.06645569620253164,0.007785336356764929
0.0,0.09523809523809523,0.09523809523809523,0.2857142857142857,0.0,0.0,0.0,0.42857142857142855,0.09523809523809523,0.0,0.047619047619047616,0.07446808510638298,0.021390778533635676
0.30434782608695654,0.0,0.30434782608695654,0.17391304347826086,0.043478260869565216,0.08695652173913043,0.0,0.0,0.0,0.043478260869565216,0.08695652173913043,0.05324074074074074,0.01503885738290275
0.07142857142857142,0.07142857142857142,0.10714285714285714,0.35714285714285715,0.0,0.10714285714285714,0.0,0.03571428571428571,0.03571428571428571,0.03571428571428571,0.32142857142857145,0.07387862796833773,0.010785147392290253
0.0,0.0,0.6,0.15,0.15,0.05,0.0,0.0,0.0,0.0,0.05,0.06779661016949153,0.035250000000000004
0.0,0.0,0.16666666666666666,0.16666666666666666,0.0,0.0,0.0,0.6666666666666666,0.0,0.0,0.0,0.02247191011235955,0.044444444444444446
0.0,0.09090909090909091,0.18181818181818182,0.09090909090909091,0.09090909090909091,0.0,0.0,0.18181818181818182,0.36363636363636365,0.0,0.0,0.03283582089552239,0.013682277318640959
0.11538461538461539,0.0,0.19230769230769232,0.11538461538461539,0.0,0.2692307692307692,0.0,0.19230769230769232,0.038461538461538464,0.0,0.07692307692307693,0.06088992974238876,0.00992767915844839
0.22727272727272727,0.13636363636363635,0.09090909090909091,0.09090909090909091,0.0,0.3181818181818182,0.09090909090909091,0.0,0.045454545454545456,0.0,0.045454545454545456,0.05851063829787234,0.010927456382001835
0.0,0.0,0.375,0.25,0.0,0.25,0.0,0.0,0.0,0.0,0.125,0.02373887240356083,0.021006944444444443
0.07692307692307693,0.0,0.0,0.23076923076923078,0.07692307692307693,0.07692307692307693,0.0,0.07692307692307693,0.07692307692307693,0.3076923076923077,0.3076923076923077,0.04220779220779221,0.010256410256410256
0.25,0.0,0.041666666666666664,0.20833333333333334,0.0,0.0,0.0,0.3333333333333333,0.041666666666666664,0.0,0.16666666666666666,0.061696658097686374,0.015991512345679013
0.25,0.08333333333333333,0.16666666666666666,0.25,0.125,0.08333333333333333,0.0,0.0,0.041666666666666664,0.0,0.041666666666666664,0.08759124087591241,0.00933641975308642
0.037037037037037035,0.037037037037037035,0.2962962962962963,0.1111111111111111,0.0,0.25925925925925924,0.037037037037037035,0.07407407407407407,0.14814814814814814,0.0,0.07407407407407407,0.08206686930091185,0.010989178478890412
0.2857142857142857,0.0,0.38095238095238093,0.0,0.0,0.047619047619047616,0.0,0.2857142857142857,0.0,0.0,0.0,0.052763819095477386,0.02340639959687579
0.0,0.0,0.2608695652173913,0.391304347826087,0.0,0.17391304347826086,0.0,0.13043478260869565,0.0,0.0,0.043478260869565216,0.04121863799283154,0.019659735349716448
0.045454545454545456,0.0,0.09090909090909091,0.3181818181818182,0.0,0.45454545454545453,0.0,0.045454545454545456,0.0,0.0,0.045454545454545456,0.05913978494623656,0.025459136822773183
0.07692307692307693,0.0,0.23076923076923078,0.23076923076923078,0.0,0.38461538461538464,0.0,0.07692307692307693,0.0,0.0,0.0,0.04075235109717868,0.01847468770545694
0.18181818181818182,0.0,0.30303030303030304,0.15151515151515152,0.0,0.18181818181818182,0.0,0.030303030303030304,0.12121212121212122,0.030303030303030304,0.0,0.06346153846153846,0.010825425976941127
0.52,0.0,0.06,0.34,0.0,0.08,0.0,0.0,0.0,0.0,0.0,0.08680555555555555,0.03288888888888889
0.16,0.04,0.48,0.04,0.0,0.16,0.0,0.04,0.04,0.04,0.04,0.0708215297450425,0.021066666666666664
0.2,0.05,0.1,0.25,0.0,0.0,0.0,0.0,0.3,0.0,0.15,0.0547945205479452,0.013777777777777778
0.2,0.0,0.4,0.1,0.05,0.15,0.0,0.1,0.0,0.0,0.05,0.05154639175257732,0.016111111111111118
0.0,0.0,0.2857142857142857,0.6666666666666666,0.0,0.0,0.0,0.0,0.0,0.0,0.6190476190476191,0.06840390879478828,0.048374905517762655
0.15151515151515152,0.12121212121212122,0.06060606060606061,0.3333333333333333,0.030303030303030304,0.18181818181818182,0.0,0.030303030303030304,0.09090909090909091,0.0,0.030303030303030304,0.12595419847328243,0.010621365166819711
0.38095238095238093,0.0,0.14285714285714285,0.19047619047619047,0.0,0.14285714285714285,0.0,0.0,0.0,0.09523809523809523,0.047619047619047616,0.05785123966942149,0.015621063240110858
0.13333333333333333,0.0,0.4666666666666667,0.06666666666666667,0.0,0.0,0.13333333333333333,0.0,0.0,0.2,0.0,0.045317220543806644,0.02197530864197532
0.4583333333333333,0.0,0.125,0.3333333333333333,0.08333333333333333,0.125,0.0,0.0,0.0,0.0,0.041666666666666664,0.07339449541284404,0.025868055555555557
0.07407407407407407,0.07407407407407407,0.07407407407407407,0.37037037037037035,0.0,0.1111111111111111,0.0,0.037037037037037035,0.037037037037037035,0.037037037037037035,0.3333333333333333,0.0712401055408971,0.011522633744855963
0.1,0.25,0.15,0.2,0.0,0.15,0.0,0.05,0.0,0.0,0.2,0.05012531328320802,0.008777777777777777
0.2857142857142857,0.07142857142857142,0.07142857142857142,0.2857142857142857,0.0,0.0,0.0,0.14285714285714285,0.07142857142857142,0.0,0.07142857142857142,0.0343980343980344,0.012528344671201813
0.15,0.1,0.1,0.55,0.0,0.0,0.05,0.0,0.05,0.0,0.0,0.045351473922902494,0.027777777777777783
0.07142857142857142,0.0,0.21428571428571427,0.2857142857142857,0.0,0.14285714285714285,0.07142857142857142,0.14285714285714285,0.0,0.07142857142857142,0.0,0.03309692671394799,0.009297052154195011
0.15384615384615385,0.0,0.07692307692307693,0.11538461538461539,0.0,0.5384615384615384,0.0,0.038461538461538464,0.038461538461538464,0.0,0.038461538461538464,0.03303684879288437,0.027038132807363578
0.08,0.12,0.04,0.32,0.0,0.04,0.08,0.08,0.12,0.0,0.2,0.06297229219143577,0.008462222222222223
0.07692307692307693,0.2692307692307692,0.19230769230769232,0.11538461538461539,0.0,0.15384615384615385,0.0,0.038461538461538464,0.15384615384615385,0.0,0.0,0.07303370786516854,0.008612754766600918
0.0,0.16279069767441862,0.23255813953488372,0.37209302325581395,0.0,0.16279069767441862,0.0,0.023255813953488372,0.023255813953488372,0.023255813953488372,0.023255813953488372,0.08686868686868687,0.016351180818460428
0.21739130434782608,0.0,0.13043478260869565,0.34782608695652173,0.0,0.2608695652173913,0.0,0.043478260869565216,0.0,0.0,0.0,0.051685393258426963,0.01724427641251838
0.16666666666666666,0.0,0.0,0.4166666666666667,0.08333333333333333,0.16666666666666666,0.0,0.08333333333333333,0.0,0.08333333333333333,0.0,0.04780876494023904,0.016666666666666666
0.058823529411764705,0.0,0.47058823529411764,0.11764705882352941,0.0,0.23529411764705882,0.0,0.0,0.0,0.0,0.11764705882352941,0.0272,0.024029219530949636
0.125,0.4583333333333333,0.041666666666666664,0.041666666666666664,0.0,0.125,0.0,0.125,0.0,0.0,0.08333333333333333,0.03715170278637771,0.019598765432098767
0.20588235294117646,0.058823529411764705,0.20588235294117646,0.08823529411764706,0.0,0.23529411764705882,0.0,0.058823529411764705,0.029411764705882353,0.0,0.11764705882352941,0.0921409214092141,0.00865051903114187
0.13333333333333333,0.06666666666666667,0.26666666666666666,0.5333333333333333,0.06666666666666667,0.0,0.0,0.0,0.0,0.0,0.06666666666666667,0.043227665706051875,0.029827160493827158
0.19230769230769232,0.0,0.19230769230769232,0.3076923076923077,0.0,0.15384615384615385,0.07692307692307693,0.11538461538461539,0.0,0.0,0.038461538461538464,0.07492795389048991,0.011522024983563446
0.28,0.04,0.2,0.2,0.04,0.2,0.0,0.04,0.0,0.0,0.04,0.05470459518599562,0.011466666666666668
0.35714285714285715,0.0,0.17857142857142858,0.17857142857142858,0.0,0.14285714285714285,0.0,0.07142857142857142,0.0,0.0,0.07142857142857142,0.06073752711496746,0.014512471655328799
0.07142857142857142,0.03571428571428571,0.10714285714285714,0.5357142857142857,0.03571428571428571,0.17857142857142858,0.0,0.03571428571428571,0.0,0.03571428571428571,0.0,0.07466666666666667,0.02592120181405896
0.1,0.0,0.3,0.4,0.0,0.1,0.05,0.0,0.0,0.0,0.15,0.05249343832020997,0.020250000000000004
0.2,0.0,0.05,0.2,0.0,0.15,0.0,0.25,0.15,0.05,0.0,0.07194244604316546,0.009138888888888889
0.24561403508771928,0.0,0.07017543859649122,0.43859649122807015,0.017543859649122806,0.15789473684210525,0.0,0.0,0.0,0.05263157894736842,0.10526315789473684,0.07840440165061899,0.021011593310762286
0.125,0.0,0.16666666666666666,0.2916666666666667,0.041666666666666664,0.2916666666666667,0.0,0.0,0.08333333333333333,0.0,0.0,0.050955414012738856,0.013580246913580249
0.14285714285714285,0.0,0.21428571428571427,0.14285714285714285,0.0,0.35714285714285715,0.0,0.07142857142857142,0.0,0.07142857142857142,0.0,0.043343653250773995,0.013832199546485261
0.05,0.1,0.2,0.1,0.0,0.25,0.1,0.0,0.2,0.0,0.0,0.056022408963585436,0.008333333333333335
0.125,0.0,0.20833333333333334,0.16666666666666666,0.125,0.25,0.041666666666666664,0.0,0.0,0.0,0.16666666666666666,0.06997084548104957,0.0091820987654321
0.3076923076923077,0.07692307692307693,0.07692307692307693,0.15384615384615385,0.15384615384615385,0.07692307692307693,0.0,0.0,0.0,0.0,0.15384615384615385,0.04601769911504425,0.009796186719263644
0.05,0.016666666666666666,0.18333333333333332,0.3333333333333333,0.0,0.4166666666666667,0.0,0.0,0.0,0.0,0.0,0.15228426395939088,0.0245679012345679
0.075,0.225,0.15,0.275,0.0,0.2,0.025,0.025,0.0,0.0,0.025,0.04932182490752158,0.011173611111111112
0.07692307692307693,0.23076923076923078,0.19230769230769232,0.19230769230769232,0.0,0.038461538461538464,0.038461538461538464,0.0,0.038461538461538464,0.0,0.19230769230769232,0.05405405405405406,0.008037475345167654
0.09375,0.0,0.53125,0.09375,0.0625,0.03125,0.0,0.125,0.03125,0.0,0.09375,0.0851063829787234,0.025271267361111113
0.0,0.0,0.0,0.5,0.1111111111111111,0.0,0.05555555555555555,0.05555555555555555,0.0,0.0,0.2777777777777778,0.024861878453038673,0.02403978052126201
0.0,0.0,0.14285714285714285,0.5714285714285714,0.0,0.0,0.14285714285714285,0.0,0.0,0.0,0.14285714285714285,0.02046783625730994,0.032653061224489785
0.10344827586206896,0.13793103448275862,0.13793103448275862,0.10344827586206896,0.0,0.3103448275862069,0.0,0.10344827586206896,0.0,0.06896551724137931,0.034482758620689655,0.08978328173374613,0.008666930902364908
0.11538461538461539,0.15384615384615385,0.11538461538461539,0.34615384615384615,0.0,0.07692307692307693,0.0,0.0,0.0,0.038461538461538464,0.15384615384615385,0.08150470219435736,0.011768573307034843
0.07142857142857142,0.10714285714285714,0.42857142857142855,0.07142857142857142,0.0,0.10714285714285714,0.03571428571428571,0.03571428571428571,0.0,0.0,0.14285714285714285,0.041791044776119404,0.016213151927437646
0.18181818181818182,0.09090909090909091,0.2727272727272727,0.2727272727272727,0.09090909090909091,0.0,0.0,0.0,0.09090909090909091,0.0,0.0,0.03254437869822485,0.011845730027548209
0.0,0.0,0.0,0.2857142857142857,0.0,0.03571428571428571,0.07142857142857142,0.0,0.0,0.0,0.6428571428571429,0.06153846153846154,0.008064058956916097
0.11538461538461539,0.0,0.11538461538461539,0.11538461538461539,0.19230769230769232,0.3076923076923077,0.0,0.07692307692307693,0.0,0.11538461538461539,0.0,0.06295399515738499,0.009220907297830375
0.0,0.0,0.5714285714285714,0.14285714285714285,0.0,0.2857142857142857,0.0,0.0,0.0,0.0,0.0,0.01804123711340206,0.03650793650793651
0.18181818181818182,0.0,0.6363636363636364,0.0,0.0,0.09090909090909091,0.0,0.0,0.0,0.0,0.09090909090909091,0.026004728132387706,0.040404040404040394
0.38235294117647056,0.058823529411764705,0.23529411764705882,0.0,0.0,0.11764705882352941,0.0,0.058823529411764705,0.0,0.0,0.14705882352941177,0.11888111888111888,0.016618608227604765
0.03125,0.03125,0.59375,0.0625,0.0,0.125,0.0,0.0,0.03125,0.09375,0.03125,0.12955465587044535,0.03221571180555556
0.15384615384615385,0.0,0.1794871794871795,0.23076923076923078,0.02564102564102564,0.07692307692307693,0.07692307692307693,0.20512820512820512,0.0,0.02564102564102564,0.05128205128205128,0.11174785100286533,0.007714223098838485
0.058823529411764705,0.11764705882352941,0.058823529411764705,0.35294117647058826,0.0,0.29411764705882354,0.0,0.11764705882352941,0.0,0.0,0.0,0.03803131991051454,0.016186082276047675
0.20833333333333334,0.041666666666666664,0.375,0.16666666666666666,0.0,0.08333333333333333,0.0,0.125,0.0,0.0,0.0,0.04743083003952569,0.015123456790123462
0.058823529411764705,0.0,0.5294117647058824,0.11764705882352941,0.0,0.058823529411764705,0.0,0.17647058823529413,0.0,0.0,0.058823529411764705,0.03981264637002342,0.027066512879661667
0.0,0.16666666666666666,0.3333333333333333,0.25,0.0,0.0,0.08333333333333333,0.0,0.08333333333333333,0.0,0.08333333333333333,0.037267080745341616,0.01458333333333333
0.17777777777777778,0.044444444444444446,0.1111111111111111,0.4444444444444444,0.022222222222222223,0.06666666666666667,0.0,0.022222222222222223,0.044444444444444446,0.0,0.1111111111111111,0.05044843049327354,0.018194787379972564
0.0,0.08333333333333333,0.5833333333333334,0.3333333333333333,0.0,0.0,0.0,0.0,0.08333333333333333,0.0,0.08333333333333333,0.023622047244094488,0.038657407407407404
0.18055555555555555,0.06944444444444445,0.4444444444444444,0.1527777777777778,0.0,0.041666666666666664,0.013888888888888888,0.06944444444444445,0.0,0.013888888888888888,0.05555555555555555,0.10794602698650675,0.018666409465020576
0.10526315789473684,0.0,0.10526315789473684,0.21052631578947367,0.05263157894736842,0.21052631578947367,0.0,0.0,0.21052631578947367,0.0,0.10526315789473684,0.05191256830601093,0.008648815020006155
0.1,0.0,0.0,0.1,0.0,0.6,0.0,0.1,0.0,0.1,0.0,0.029498525073746312,0.03333333333333334
0.1,0.0,0.25,0.35,0.05,0.15,0.0,0.1,0.0,0.0,0.15,0.04065040650406504,0.014444444444444446
0.06666666666666667,0.06666666666666667,0.03333333333333333,0.26666666666666666,0.0,0.3,0.0,0.0,0.0,0.03333333333333333,0.23333333333333334,0.05859375,0.012604938271604938
0.08695652173913043,0.043478260869565216,0.13043478260869565,0.5652173913043478,0.0,0.0,0.0,0.043478260869565216,0.0,0.0,0.13043478260869565,0.06552706552706553,0.030245746691871453
0.03571428571428571,0.21428571428571427,0.2857142857142857,0.07142857142857142,0.0,0.17857142857142858,0.0,0.21428571428571427,0.0,0.07142857142857142,0.0,0.08722741433021806,0.011337868480725622
0.32142857142857145,0.14285714285714285,0.21428571428571427,0.07142857142857142,0.0,0.03571428571428571,0.03571428571428571,0.03571428571428571,0.03571428571428571,0.03571428571428571,0.07142857142857142,0.059322033898305086,0.01054421768707483
0.6,0.0,0.2,0.0,0.0,0.0,0.0,0.2,0.0,0.0,0.0,0.017985611510791366,0.037777777777777785
0.0,0.0,0.35714285714285715,0.14285714285714285,0.07142857142857142,0.07142857142857142,0.0,0.2857142857142857,0.07142857142857142,0.0,0.0,0.05223880597014925,0.016099773242630386
0.2857142857142857,0.0,0.17857142857142858,0.42857142857142855,0.0,0.07142857142857142,0.0,0.0,0.0,0.03571428571428571,0.0,0.0665083135391924,0.022619047619047622
0.23809523809523808,0.0,0.09523809523809523,0.14285714285714285,0.0,0.19047619047619047,0.09523809523809523,0.09523809523809523,0.0,0.047619047619047616,0.09523809523809523,0.05785123966942149,0.006777525825144873
0.0,0.0,0.2857142857142857,0.14285714285714285,0.0,0.07142857142857142,0.35714285714285715,0.0,0.0,0.0,0.14285714285714285,0.024390243902439025,0.01791383219954649
0.0625,0.0,0.3125,0.125,0.0625,0.1875,0.0,0.125,0.0,0.0,0.125,0.048484848484848485,0.010590277777777778
0.06666666666666667,0.0,0.2,0.26666666666666666,0.2,0.13333333333333333,0.0,0.06666666666666667,0.0,0.0,0.13333333333333333,0.04746835443037975,0.010074074074074076
0.038461538461538464,0.0,0.11538461538461539,0.038461538461538464,0.0,0.6153846153846154,0.0,0.038461538461538464,0.0,0.038461538461538464,0.11538461538461539,0.05416666666666667,0.03551939513477975
0.3783783783783784,0.08108108108108109,0.13513513513513514,0.21621621621621623,0.0,0.13513513513513514,0.0,0.0,0.02702702702702703,0.0,0.05405405405405406,0.10136986301369863,0.015453291128966805
0.038461538461538464,0.09615384615384616,0.15384615384615385,0.23076923076923078,0.0,0.09615384615384616,0.0,0.36538461538461536,0.0,0.0,0.11538461538461539,0.1137855579868709,0.0149120644312952
0.04,0.0,0.12,0.12,0.08,0.04,0.0,0.08,0.12,0.0,0.52,0.043478260869565216,0.002577777777777778
0.1111111111111111,0.0,0.1111111111111111,0.1111111111111111,0.0,0.2222222222222222,0.0,0.1111111111111111,0.1111111111111111,0.0,0.2222222222222222,0.024193548387096774,0.0056241426611796964
0.08333333333333333,0.08333333333333333,0.20833333333333334,0.125,0.041666666666666664,0.375,0.0,0.08333333333333333,0.0,0.0,0.0,0.07430340557275542,0.01358024691358025
0.425531914893617,0.0,0.3617021276595745,0.0851063829787234,0.0,0.0425531914893617,0.0,0.02127659574468085,0.0425531914893617,0.0,0.02127659574468085,0.10538116591928251,0.025270358633871542
0.23529411764705882,0.058823529411764705,0.058823529411764705,0.47058823529411764,0.058823529411764705,0.0,0.0,0.0,0.058823529411764705,0.0,0.11764705882352941,0.04582210242587601,0.022452902729719337
0.047619047619047616,0.2857142857142857,0.09523809523809523,0.14285714285714285,0.047619047619047616,0.19047619047619047,0.0,0.047619047619047616,0.14285714285714285,0.047619047619047616,0.047619047619047616,0.07317073170731707,0.007457797933988409
0.1111111111111111,0.05555555555555555,0.16666666666666666,0.3888888888888889,0.0,0.16666666666666666,0.0,0.05555555555555555,0.0,0.0,0.16666666666666666,0.043689320388349516,0.015123456790123458
0.46153846153846156,0.0,0.15384615384615385,0.2692307692307692,0.0,0.07692307692307693,0.0,0.038461538461538464,0.0,0.0,0.07692307692307693,0.0771513353115727,0.02406311637080869
0.0,0.038461538461538464,0.19230769230769232,0.07692307692307693,0.0,0.5384615384615384,0.0,0.15384615384615385,0.0,0.0,0.038461538461538464,0.08201892744479496,0.02866535174227482
0.2,0.04,0.24,0.04,0.0,0.16,0.08,0.0,0.2,0.0,0.04,0.06082725060827251,0.008960000000000001
0.075,0.225,0.15,0.275,0.0,0.2,0.025,0.025,0.0,0.0,0.025,0.048484848484848485,0.011173611111111112
0.3333333333333333,0.0,0.47619047619047616,0.19047619047619047,0.0,0.0,0.0,0.0,0.0,0.0,0.0,0.06086956521739131,0.030461073318216174
0.02631578947368421,0.02631578947368421,0.0,0.6578947368421053,0.23684210526315788,0.0,0.0,0.0,0.0,0.0,0.05263157894736842,0.12297734627831715,0.044506001846722085
0.05063291139240506,0.05063291139240506,0.20253164556962025,0.13924050632911392,0.012658227848101266,0.02531645569620253,0.06329113924050633,0.31645569620253167,0.0759493670886076,0.0,0.0759493670886076,0.10866574965612105,0.009834606277484021
0.0,0.04,0.16,0.56,0.0,0.04,0.0,0.0,0.2,0.0,0.48,0.061274509803921566,0.03137777777777778
0.2222222222222222,0.3333333333333333,0.05555555555555555,0.16666666666666666,0.0,0.1111111111111111,0.0,0.0,0.0,0.0,0.1111111111111111,0.03237410071942446,0.013854595336076816
0.6363636363636364,0.0,0.13636363636363635,0.13636363636363635,0.045454545454545456,0.045454545454545456,0.0,0.0,0.0,0.0,0.045454545454545456,0.06432748538011696,0.03847566574839303
0.3793103448275862,0.0,0.10344827586206896,0.4827586206896552,0.0,0.034482758620689655,0.0,0.0,0.0,0.0,0.0,0.08055555555555556,0.03209142555159202
0.0,0.0,0.21875,0.1875,0.03125,0.0,0.0,0.125,0.4375,0.0,0.0625,0.10921501706484642,0.021223958333333334
0.05,0.2,0.1,0.25,0.05,0.25,0.0,0.0,0.1,0.0,0.05,0.06097560975609756,0.010000000000000002
0.16666666666666666,0.0,0.16666666666666666,0.5,0.0,0.0,0.0,0.0,0.08333333333333333,0.0,0.08333333333333333,0.022857142857142857,0.025385802469135802
0.2222222222222222,0.0,0.2222222222222222,0.2222222222222222,0.0,0.2222222222222222,0.0,0.0,0.0,0.0,0.2222222222222222,0.031141868512110725,0.01316872427983539
0.0,0.0,0.14285714285714285,0.2857142857142857,0.0,0.0,0.0,0.2857142857142857,0.0,0.0,0.2857142857142857,0.023972602739726026,0.014739229024943309
0.10810810810810811,0.02702702702702703,0.35135135135135137,0.21621621621621623,0.02702702702702703,0.10810810810810811,0.0,0.0,0.02702702702702703,0.02702702702702703,0.1891891891891892,0.06228956228956229,0.012994075156237319
0.08695652173913043,0.043478260869565216,0.2717391304347826,0.4891304347826087,0.0,0.05434782608695652,0.010869565217391304,0.010869565217391304,0.0,0.0,0.03260869565217391,0.23,0.025794213400546103
0.0,0.0,0.25,0.25,0.0,0.0,0.0,0.0,0.0,0.0,0.5,0.008771929824561403,0.011111111111111115
0.08,0.0,0.04,0.24,0.28,0.16,0.0,0.04,0.08,0.04,0.12,0.036818851251840944,0.009671111111111113
0.3125,0.0,0.125,0.1875,0.1875,0.125,0.0,0.0625,0.0625,0.0,0.0625,0.021739130434782608,0.010460069444444444
0.0625,0.0,0.3125,0.3125,0.0,0.0625,0.0,0.0,0.0,0.0,0.3125,0.03970223325062035,0.016319444444444442
0.02564102564102564,0.38461538461538464,0.07692307692307693,0.28205128205128205,0.0,0.05128205128205128,0.07692307692307693,0.02564102564102564,0.02564102564102564,0.0,0.07692307692307693,0.08176100628930817,0.017101322229527358
0.02857142857142857,0.02857142857142857,0.2,0.5142857142857142,0.0,0.0,0.0,0.22857142857142856,0.0,0.0,0.11428571428571428,0.08333333333333333,0.028707482993197277
0.0,0.0,0.1111111111111111,0.0,0.0,0.6666666666666666,0.0,0.0,0.0,0.0,0.2222222222222222,0.05572755417956656,0.04403292181069959
0.10526315789473684,0.3157894736842105,0.21052631578947367,0.21052631578947367,0.0,0.05263157894736842,0.0,0.0,0.05263157894736842,0.05263157894736842,0.05263157894736842,0.054285714285714284,0.011972914742997847
0.14,0.08,0.14,0.14,0.0,0.28,0.0,0.0,0.22,0.0,0.0,0.1152073732718894,0.010222222222222223
0.25925925925925924,0.0,0.037037037037037035,0.2222222222222222,0.037037037037037035,0.4074074074074074,0.0,0.037037037037037035,0.0,0.0,0.0,0.060133630289532294,0.020743789056546256
0.2647058823529412,0.058823529411764705,0.17647058823529413,0.08823529411764706,0.058823529411764705,0.20588235294117646,0.029411764705882353,0.029411764705882353,0.0,0.029411764705882353,0.08823529411764706,0.0752212389380531,0.00803537101114956
0.09523809523809523,0.0,0.16666666666666666,0.14285714285714285,0.0,0.5,0.0,0.047619047619047616,0.0,0.0,0.07142857142857142,0.06296851574212893,0.024313429075333834
0.0,0.07407407407407407,0.4074074074074074,0.14814814814814814,0.0,0.18518518518518517,0.0,0.07407407407407407,0.07407407407407407,0.037037037037037035,0.0,0.07692307692307693,0.015561652187166588
0.037037037037037035,0.0,0.25925925925925924,0.2222222222222222,0.0,0.07407407407407407,0.07407407407407407,0.14814814814814814,0.0,0.0,0.18518518518518517,0.07336956521739131,0.009388812680993749
0.1,0.0,0.26666666666666666,0.13333333333333333,0.06666666666666667,0.13333333333333333,0.0,0.16666666666666666,0.1,0.0,0.06666666666666667,0.06276150627615062,0.007271604938271605
0.1388888888888889,0.027777777777777776,0.2222222222222222,0.1111111111111111,0.027777777777777776,0.19444444444444445,0.0,0.16666666666666666,0.1111111111111111,0.0,0.1111111111111111,0.07072691552062868,0.006721536351165981
0.10256410256410256,0.05128205128205128,0.20512820512820512,0.10256410256410256,0.0,0.3333333333333333,0.0,0.07692307692307693,0.05128205128205128,0.0,0.07692307692307693,0.10863509749303621,0.0111330265176419
0.0,0.0,0.0,0.23529411764705882,0.0,0.7058823529411765,0.0,0.058823529411764705,0.0,0.0,0.0,0.06181818181818182,0.05078815840061516
0.0,0.0,0.06818181818181818,0.09090909090909091,0.06818181818181818,0.36363636363636365,0.0,0.06818181818181818,0.3409090909090909,0.0,0.0,0.08239700374531835,0.0189623507805326
0.6136363636363636,0.0,0.045454545454545456,0.18181818181818182,0.022727272727272728,0.045454545454545456,0.0,0.0,0.022727272727272728,0.0,0.09090909090909091,0.07119741100323625,0.036438246097337014
0.0,0.0,0.3333333333333333,0.3333333333333333,0.0,0.08333333333333333,0.0,0.08333333333333333,0.08333333333333333,0.0,0.08333333333333333,0.02912621359223301,0.01766975308641975
0.15384615384615385,0.11538461538461539,0.23076923076923078,0.19230769230769232,0.0,0.07692307692307693,0.0,0.11538461538461539,0.038461538461538464,0.0,0.07692307692307693,0.0790273556231003,0.006969099276791586
0.0,0.0,0.2857142857142857,0.5714285714285714,0.0,0.14285714285714285,0.0,0.0,0.0,0.0,0.0,0.017948717948717947,0.03650793650793651
0.0,0.08333333333333333,0.3333333333333333,0.25,0.0,0.16666666666666666,0.0,0.0,0.0,0.08333333333333333,0.16666666666666666,0.03498542274052478,0.01458333333333333
0.0,0.4117647058823529,0.23529411764705882,0.29411764705882354,0.0,0.0,0.0,0.0,0.058823529411764705,0.0,0.11764705882352941,0.03563941299790356,0.023875432525951555
0.0,0.07142857142857142,0.2857142857142857,0.35714285714285715,0.21428571428571427,0.07142857142857142,0.0,0.0,0.0,0.0,0.0,0.041666666666666664,0.018367346938775512
0.12,0.08,0.12,0.2,0.0,0.04,0.08,0.24,0.12,0.04,0.04,0.07374631268436578,0.005404444444444444
0.23809523809523808,0.09523809523809523,0.14285714285714285,0.0,0.0,0.38095238095238093,0.047619047619047616,0.047619047619047616,0.0,0.0,0.047619047619047616,0.065625,0.016124968505920885
0.037037037037037035,0.037037037037037035,0.4074074074074074,0.1111111111111111,0.0,0.18518518518518517,0.0,0.18518518518518517,0.0,0.0,0.037037037037037035,0.0661764705882353,0.017436366407559824
0.15625,0.0,0.46875,0.09375,0.03125,0.1875,0.0,0.03125,0.03125,0.0,0.0,0.07373271889400922,0.021223958333333334
0.25,0.0,0.0,0.4375,0.0,0.0625,0.0,0.1875,0.0,0.0,0.0625,0.05128205128205128,0.022786458333333332
0.4375,0.0,0.375,0.0625,0.0,0.0,0.0,0.0,0.0,0.0,0.125,0.02618657937806874,0.028819444444444436
0.24,0.0,0.32,0.16,0.0,0.16,0.04,0.08,0.0,0.0,0.0,0.06493506493506493,0.013244444444444444
0.0,0.0,0.46153846153846156,0.38461538461538464,0.0,0.07692307692307693,0.0,0.0,0.0,0.0,0.07692307692307693,0.04642857142857143,0.03129520052596976
0.06666666666666667,0.13333333333333333,0.06666666666666667,0.13333333333333333,0.06666666666666667,0.26666666666666666,0.0,0.0,0.0,0.13333333333333333,0.2,0.03865979381443299,0.0069629629629629625
0.043478260869565216,0.06521739130434782,0.34782608695652173,0.10869565217391304,0.021739130434782608,0.32608695652173914,0.021739130434782608,0.0,0.08695652173913043,0.021739130434782608,0.0,0.1373134328358209,0.016152068893089684
0.20689655172413793,0.034482758620689655,0.3103448275862069,0.06896551724137931,0.0,0.3448275862068966,0.0,0.0,0.034482758620689655,0.0,0.0,0.08430232558139535,0.018351169242964732
0.12,0.16,0.2,0.36,0.0,0.08,0.04,0.0,0.0,0.0,0.16,0.0681198910081744,0.013937777777777778
0.09090909090909091,0.18181818181818182,0.18181818181818182,0.22727272727272727,0.0,0.0,0.0,0.22727272727272727,0.0,0.0,0.09090909090909091,0.03565640194489465,0.010560146923783285
0.10909090909090909,0.01818181818181818,0.16363636363636364,0.05454545454545454,0.0,0.2,0.0,0.07272727272727272,0.38181818181818183,0.0,0.01818181818181818,0.10377358490566038,0.014784205693296606
0.15384615384615385,0.11538461538461539,0.4230769230769231,0.19230769230769232,0.0,0.07692307692307693,0.0,0.0,0.038461538461538464,0.0,0.038461538461538464,0.053497942386831275,0.0178172255095332
0.15789473684210525,0.10526315789473684,0.15789473684210525,0.07894736842105263,0.23684210526315788,0.13157894736842105,0.02631578947368421,0.02631578947368421,0.0,0.0,0.10526315789473684,0.12140575079872204,0.006348107109879962
0.14285714285714285,0.0,0.0,0.2857142857142857,0.0,0.0,0.0,0.0,0.0,0.0,0.5714285714285714,0.01650943396226415,0.00929705215419501
0.09523809523809523,0.0,0.14285714285714285,0.47619047619047616,0.0,0.047619047619047616,0.0,0.047619047619047616,0.0,0.0,0.42857142857142855,0.05898876404494382,0.021693121693121695
0.13513513513513514,0.05405405405405406,0.24324324324324326,0.24324324324324326,0.0,0.16216216216216217,0.0,0.05405405405405406,0.0,0.10810810810810811,0.05405405405405406,0.060755336617405585,0.008935962990017046
0.047619047619047616,0.0,0.23809523809523808,0.14285714285714285,0.0,0.42857142857142855,0.0,0.047619047619047616,0.047619047619047616,0.0,0.047619047619047616,0.05570291777188329,0.019652305366591082
0.07142857142857142,0.17857142857142858,0.0,0.25,0.07142857142857142,0.17857142857142858,0.0,0.17857142857142858,0.0,0.03571428571428571,0.25,0.07349081364829396,0.008517573696145126
0.045454545454545456,0.0,0.45454545454545453,0.22727272727272727,0.045454545454545456,0.045454545454545456,0.0,0.13636363636363635,0.0,0.0,0.09090909090909091,0.04296875,0.021326905417814505
0.057692307692307696,0.3269230769230769,0.15384615384615385,0.09615384615384616,0.0,0.11538461538461539,0.07692307692307693,0.07692307692307693,0.07692307692307693,0.0,0.019230769230769232,0.09558823529411764,0.008666173570019723
0.17391304347826086,0.0,0.17391304347826086,0.17391304347826086,0.0,0.0,0.0,0.30434782608695654,0.08695652173913043,0.0,0.08695652173913043,0.08679245283018867,0.011951270741440876
0.08333333333333333,0.08333333333333333,0.3333333333333333,0.08333333333333333,0.16666666666666666,0.0,0.0,0.0,0.25,0.0,0.0,0.02569593147751606,0.013580246913580249
0.05555555555555555,0.0,0.16666666666666666,0.1111111111111111,0.05555555555555555,0.1111111111111111,0.1111111111111111,0.16666666666666666,0.0,0.16666666666666666,0.1111111111111111,0.04568527918781726,0.004149519890260631
0.18518518518518517,0.0,0.2222222222222222,0.07407407407407407,0.0,0.14814814814814814,0.0,0.07407407407407407,0.0,0.0,0.3333333333333333,0.05521472392638037,0.007453132144490169
0.23333333333333334,0.0,0.2,0.4,0.0,0.06666666666666667,0.0,0.1,0.0,0.0,0.03333333333333333,0.048939641109298535,0.018765432098765435
0.045454545454545456,0.045454545454545456,0.18181818181818182,0.09090909090909091,0.045454545454545456,0.18181818181818182,0.0,0.0,0.0,0.045454545454545456,0.4090909090909091,0.030555555555555555,0.004683195592286502
0.5833333333333334,0.0,0.16666666666666666,0.0,0.0,0.16666666666666666,0.0,0.0,0.0,0.0,0.08333333333333333,0.022641509433962263,0.03464506172839506
0.125,0.125,0.0,0.375,0.125,0.0,0.0,0.0,0.125,0.0,0.125,0.02476780185758514,0.014062499999999997
