care.virtue,care.vice,authority.virtue,fairness.vice,fairness.virtue,loyalty.vice,loyalty.virtue,sanctity.virtue,authority.vice,sanctity.vice,moral_nonmoral_ratio,f_var
0.14285714285714285,0.6428571428571429,0.07142857142857142,0.0,0.0,0.0,0.07142857142857142,0.07142857142857142,0.0,0.0,0.0546875,0.03877551020408165
0.0,0.2727272727272727,0.45454545454545453,0.0,0.0,0.0,0.2727272727272727,0.0,0.0,0.0,0.041666666666666664,0.028374655647382913
0.05,0.3,0.1,0.05,0.1,0.0,0.2,0.0,0.0,0.2,0.07352941176470588,0.010555555555555556
0.0,0.0,0.3333333333333333,0.0,0.0,0.0,0.4444444444444444,0.0,0.2222222222222222,0.0,0.029315960912052116,0.028669410150891632
0.0,0.06896551724137931,0.5172413793103449,0.0,0.034482758620689655,0.0,0.3793103448275862,0.0,0.0,0.0,0.06872037914691943,0.03526225393050602
0.05555555555555555,0.16666666666666666,0.25,0.027777777777777776,0.08333333333333333,0.0,0.1388888888888889,0.25,0.027777777777777776,0.0,0.12080536912751678,0.00929355281207133
0.6415094339622641,0.11320754716981132,0.1320754716981132,0.0,0.0,0.0,0.11320754716981132,0.0,0.0,0.0,0.1172566371681416,0.03940113128436376
0.4444444444444444,0.1111111111111111,0.16666666666666666,0.0,0.0,0.0,0.1111111111111111,0.05555555555555555,0.05555555555555555,0.05555555555555555,0.044444444444444446,0.01769547325102881
0.038461538461538464,0.0,0.038461538461538464,0.038461538461538464,0.5,0.0,0.34615384615384615,0.038461538461538464,0.0,0.0,0.09090909090909091,0.03063773833004603
0.5833333333333334,0.0,0.08333333333333333,0.0,0.0,0.0,0.25,0.0,0.08333333333333333,0.0,0.03409090909090909,0.03518518518518519
0.03571428571428571,0.21428571428571427,0.25,0.0,0.10714285714285714,0.0,0.39285714285714285,0.0,0.0,0.0,0.08284023668639054,0.019501133786848077
0.3142857142857143,0.17142857142857143,0.11428571428571428,0.0,0.0,0.0,0.22857142857142856,0.02857142857142857,0.0,0.14285714285714285,0.09020618556701031,0.0127437641723356
0.047619047619047616,0.047619047619047616,0.8095238095238095,0.0,0.0,0.0,0.047619047619047616,0.047619047619047616,0.0,0.0,0.043121149897330596,0.06271101033005794
0.0,0.05,0.5,0.0,0.05,0.0,0.2,0.2,0.0,0.0,0.05917159763313609,0.02611111111111112
0.08,0.16,0.1,0.02,0.08,0.0,0.48,0.02,0.02,0.04,0.08561643835616438,0.020177777777777777
0.041666666666666664,0.08333333333333333,0.375,0.0,0.125,0.0,0.3333333333333333,0.041666666666666664,0.0,0.0,0.0736196319018405,0.01975308641975309
0.5454545454545454,0.0,0.0,0.0,0.0,0.0,0.0,0.0,0.0,0.45454545454545453,0.03728813559322034,0.044903581267217635
0.4,0.1,0.1,0.0,0.0,0.0,0.35,0.0,0.0,0.05,0.08438818565400844,0.022777777777777782
0.1,0.4666666666666667,0.16666666666666666,0.0,0.0,0.03333333333333333,0.23333333333333334,0.0,0.0,0.0,0.07692307692307693,0.0234567901234568
0.0,0.0,0.7,0.1,0.0,0.0,0.2,0.0,0.0,0.0,0.032362459546925564,0.04888888888888889
0.024390243902439025,0.5609756097560976,0.21951219512195122,0.0,0.04878048780487805,0.0,0.0975609756097561,0.04878048780487805,0.0,0.0,0.12312312312312312,0.03086125983211052
0.2727272727272727,0.09090909090909091,0.18181818181818182,0.0,0.0,0.0,0.45454545454545453,0.0,0.0,0.0,0.026004728132387706,0.024701561065197428
0.4444444444444444,0.0,0.2222222222222222,0.0,0.0,0.0,0.18518518518518517,0.1111111111111111,0.0,0.037037037037037035,0.04990757855822551,0.02165828379820149
0.06382978723404255,0.1702127659574468,0.10638297872340426,0.0851063829787234,0.3191489361702128,0.0,0.23404255319148937,0.02127659574468085,0.0,0.0,0.12912087912087913,0.012076857300940599
0.2222222222222222,0.2222222222222222,0.4444444444444444,0.027777777777777776,0.0,0.0,0.027777777777777776,0.0,0.0,0.05555555555555555,0.1094224924012158,0.022325102880658438
0.06666666666666667,0.2,0.26666666666666666,0.0,0.0,0.0,0.26666666666666666,0.06666666666666667,0.0,0.13333333333333333,0.034482758620689655,0.012098765432098764
0.25,0.041666666666666664,0.041666666666666664,0.041666666666666664,0.125,0.0,0.375,0.041666666666666664,0.0,0.08333333333333333,0.05491990846681922,0.014737654320987654
0.5227272727272727,0.0,0.25,0.0,0.09090909090909091,0.0,0.045454545454545456,0.0,0.022727272727272728,0.06818181818181818,0.07560137457044673,0.027915518824609735
0.1590909090909091,0.0,0.25,0.0,0.0,0.0,0.2727272727272727,0.29545454545454547,0.0,0.022727272727272728,0.07599309153713299,0.016666666666666666
0.4642857142857143,0.03571428571428571,0.17857142857142858,0.03571428571428571,0.10714285714285714,0.0,0.07142857142857142,0.10714285714285714,0.0,0.0,0.0625,0.01978458049886622
0.09090909090909091,0.022727272727272728,0.45454545454545453,0.045454545454545456,0.11363636363636363,0.0,0.13636363636363635,0.0,0.022727272727272728,0.11363636363636363,0.07308970099667775,0.018044077134986222
0.12,0.08,0.36,0.0,0.12,0.04,0.12,0.16,0.0,0.0,0.03881987577639751,0.011822222222222225
0.037037037037037035,0.0,0.4074074074074074,0.14814814814814814,0.07407407407407407,0.0,0.2962962962962963,0.037037037037037035,0.0,0.0,0.06293706293706294,0.02043895747599451
0.10714285714285714,0.10714285714285714,0.25,0.0,0.0,0.0,0.5357142857142857,0.0,0.0,0.0,0.059957173447537475,0.030272108843537412
0.022727272727272728,0.11363636363636363,0.6136363636363636,0.0,0.06818181818181818,0.0,0.18181818181818182,0.0,0.0,0.0,0.10114942528735632,0.036409550045913695
0.25806451612903225,0.16129032258064516,0.06451612903225806,0.03225806451612903,0.03225806451612903,0.0,0.0,0.0,0.03225806451612903,0.41935483870967744,0.08959537572254335,0.019528269164065207
0.03571428571428571,0.03571428571428571,0.14285714285714285,0.07142857142857142,0.17857142857142858,0.0,0.4642857142857143,0.07142857142857142,0.0,0.0,0.0877742946708464,0.02006802721088436
0.05357142857142857,0.14285714285714285,0.21428571428571427,0.017857142857142856,0.05357142857142857,0.0,0.17857142857142858,0.30357142857142855,0.017857142857142856,0.017857142857142856,0.2153846153846154,0.01078514739229025
0.045454545454545456,0.045454545454545456,0.3181818181818182,0.045454545454545456,0.36363636363636365,0.0,0.09090909090909091,0.0,0.045454545454545456,0.045454545454545456,0.07612456747404844,0.01689623507805326
0.03333333333333333,0.06666666666666667,0.16666666666666666,0.1,0.06666666666666667,0.0,0.4666666666666667,0.03333333333333333,0.0,0.06666666666666667,0.07731958762886598,0.01901234567901235
0.1875,0.0,0.1875,0.0,0.125,0.0,0.4375,0.0,0.0,0.0625,0.050314465408805034,0.02013888888888889
0.06896551724137931,0.20689655172413793,0.41379310344827586,0.017241379310344827,0.06896551724137931,0.0,0.1206896551724138,0.017241379310344827,0.034482758620689655,0.05172413793103448,0.15303430079155672,0.015840930109657817
0.1794871794871795,0.5897435897435898,0.02564102564102564,0.02564102564102564,0.02564102564102564,0.0,0.10256410256410256,0.05128205128205128,0.0,0.0,0.09090909090909091,0.032792753305573824
0.09523809523809523,0.19047619047619047,0.2857142857142857,0.0,0.3333333333333333,0.0,0.0,0.0,0.047619047619047616,0.047619047619047616,0.07394366197183098,0.01584782060972537
0.125,0.125,0.16666666666666666,0.0,0.16666666666666666,0.041666666666666664,0.375,0.0,0.0,0.0,0.04060913705583756,0.014351851851851853
0.14285714285714285,0.17857142857142858,0.35714285714285715,0.03571428571428571,0.03571428571428571,0.0,0.25,0.0,0.0,0.0,0.07197943444730077,0.016099773242630386
0.17647058823529413,0.29411764705882354,0.29411764705882354,0.0,0.0,0.0,0.11764705882352941,0.11764705882352941,0.0,0.0,0.12830188679245283,0.0146482122260669
0.0625,0.25,0.125,0.0,0.0,0.0,0.0625,0.375,0.0,0.125,0.03411513859275053,0.015798611111111114
0.025,0.15,0.175,0.025,0.075,0.0,0.375,0.1,0.025,0.05,0.05747126436781609,0.01263888888888889
0.1875,0.125,0.25,0.0,0.0625,0.0,0.375,0.0,0.0,0.0,0.0453257790368272,0.01753472222222223
0.16666666666666666,0.1111111111111111,0.3888888888888889,0.0,0.0,0.0,0.2222222222222222,0.05555555555555555,0.0,0.05555555555555555,0.04488778054862843,0.016323731138545954
0.017543859649122806,0.08771929824561403,0.3684210526315789,0.14035087719298245,0.10526315789473684,0.0,0.17543859649122806,0.03508771929824561,0.07017543859649122,0.0,0.10344827586206896,0.01238329742484867
0.03571428571428571,0.5,0.17857142857142858,0.0,0.07142857142857142,0.0,0.07142857142857142,0.0,0.0,0.14285714285714285,0.08722741433021806,0.02375283446712019
0.20833333333333334,0.0625,0.0625,0.0,0.5,0.0,0.14583333333333334,0.020833333333333332,0.0,0.0,0.12,0.024768518518518523
0.09523809523809523,0.09523809523809523,0.09523809523809523,0.0,0.2857142857142857,0.0,0.2857142857142857,0.0,0.14285714285714285,0.0,0.05675675675675676,0.012320483749055176
0.12903225806451613,0.0967741935483871,0.5483870967741935,0.0,0.03225806451612903,0.0,0.16129032258064516,0.0,0.0,0.03225806451612903,0.10472972972972973,0.028315412186379927
0.045454545454545456,0.022727272727272728,0.5,0.045454545454545456,0.06818181818181818,0.0,0.20454545454545456,0.11363636363636363,0.0,0.0,0.07760141093474426,0.023783287419651064
0.0,0.05,0.6,0.0,0.05,0.0,0.1,0.15,0.0,0.05,0.0447427293064877,0.03333333333333334
0.07407407407407407,0.3148148148148148,0.2222222222222222,0.037037037037037035,0.0,0.0,0.14814814814814814,0.09259259259259259,0.0,0.1111111111111111,0.07520891364902507,0.010912970583752478
0.05263157894736842,0.10526315789473684,0.631578947368421,0.0,0.10526315789473684,0.0,0.05263157894736842,0.0,0.0,0.05263157894736842,0.06129032258064516,0.0365958756540474
0.07142857142857142,0.0,0.17857142857142858,0.07142857142857142,0.42857142857142855,0.0,0.21428571428571427,0.03571428571428571,0.0,0.0,0.033532934131736525,0.019217687074829935
0.05,0.0,0.6,0.0,0.15,0.0,0.15,0.0,0.0,0.05,0.06514657980456026,0.034444444444444444
0.0,0.0,0.5263157894736842,0.0,0.10526315789473684,0.0,0.3684210526315789,0.0,0.0,0.0,0.07480314960629922,0.03598030163127117
0.0967741935483871,0.1935483870967742,0.06451612903225806,0.12903225806451613,0.2903225806451613,0.0,0.12903225806451613,0.03225806451612903,0.03225806451612903,0.03225806451612903,0.0748792270531401,0.007966238871545843
0.03333333333333333,0.4666666666666667,0.1,0.03333333333333333,0.13333333333333333,0.0,0.2,0.03333333333333333,0.0,0.0,0.0967741935483871,0.02098765432098766
0.09803921568627451,0.21568627450980393,0.35294117647058826,0.13725490196078433,0.0392156862745098,0.0,0.13725490196078433,0.0196078431372549,0.0,0.0,0.16558441558441558,0.013366653851082917
0.2,0.06666666666666667,0.5333333333333333,0.0,0.06666666666666667,0.0,0.13333333333333333,0.0,0.0,0.0,0.060240963855421686,0.027901234567901237
0.23333333333333334,0.06666666666666667,0.4666666666666667,0.03333333333333333,0.06666666666666667,0.0,0.1,0.0,0.03333333333333333,0.0,0.05825242718446602,0.021481481481481487
0.0,0.08,0.12,0.0,0.16,0.0,0.2,0.4,0.0,0.04,0.06476683937823834,0.016444444444444446
0.208955223880597,0.05970149253731343,0.014925373134328358,0.014925373134328358,0.05970149253731343,0.0,0.22388059701492538,0.40298507462686567,0.0,0.014925373134328358,0.10029940119760479,0.018219846043414766
0.23076923076923078,0.07692307692307693,0.5384615384615384,0.0,0.0,0.0,0.07692307692307693,0.038461538461538464,0.0,0.038461538461538464,0.053830227743271224,0.028665351742274817
0.0,0.12244897959183673,0.20408163265306123,0.0,0.3877551020408163,0.0,0.061224489795918366,0.20408163265306123,0.0,0.02040816326530612,0.15170278637770898,0.01697903651256421
0.043478260869565216,0.043478260869565216,0.4782608695652174,0.0,0.0,0.0,0.30434782608695654,0.0,0.043478260869565216,0.08695652173913043,0.0688622754491018,0.026065952530980888
0.0,0.35714285714285715,0.21428571428571427,0.07142857142857142,0.0,0.0,0.0,0.07142857142857142,0.14285714285714285,0.14285714285714285,0.054901960784313725,0.013832199546485258
0.08695652173913043,0.17391304347826086,0.34782608695652173,0.0,0.0,0.043478260869565216,0.2608695652173913,0.0,0.043478260869565216,0.043478260869565216,0.0756578947368421,0.01472379752152909
0.03333333333333333,0.06666666666666667,0.23333333333333334,0.0,0.0,0.03333333333333333,0.5666666666666667,0.03333333333333333,0.0,0.03333333333333333,0.09584664536741214,0.031604938271604946
0.1111111111111111,0.1111111111111111,0.5185185185185185,0.0,0.018518518518518517,0.0,0.14814814814814814,0.09259259259259259,0.0,0.0,0.15,0.024935223289132755
0.2727272727272727,0.0,0.09090909090909091,0.045454545454545456,0.045454545454545456,0.0,0.5454545454545454,0.0,0.0,0.0,0.03559870550161812,0.031588613406795224
0.0,0.625,0.375,0.0,0.0,0.0,0.0,0.0,0.0,0.0,0.03162055335968379,0.04791666666666668
0.3076923076923077,0.038461538461538464,0.17307692307692307,0.0,0.057692307692307696,0.0,0.36538461538461536,0.0,0.0,0.057692307692307696,0.16613418530351437,0.018474687705456933
0.06818181818181818,0.045454545454545456,0.4318181818181818,0.045454545454545456,0.20454545454545456,0.0,0.18181818181818182,0.0,0.0,0.022727272727272728,0.0918580375782881,0.0189623507805326
0.0784313725490196,0.058823529411764705,0.6078431372549019,0.0,0.0784313725490196,0.0,0.1568627450980392,0.0,0.0196078431372549,0.0,0.06976744186046512,0.03446964842581913
0.15789473684210525,0.0,0.21052631578947367,0.05263157894736842,0.0,0.0,0.2631578947368421,0.2631578947368421,0.0,0.05263157894736842,0.06597222222222222,0.012588488765774083
0.0967741935483871,0.0967741935483871,0.3225806451612903,0.0,0.0,0.0,0.3870967741935484,0.06451612903225806,0.03225806451612903,0.0,0.08266666666666667,0.019759509769915598
0.0425531914893617,0.2765957446808511,0.10638297872340426,0.0,0.0,0.0,0.2978723404255319,0.10638297872340426,0.14893617021276595,0.02127659574468085,0.14029850746268657,0.012479251546702881
0.16666666666666666,0.23333333333333334,0.13333333333333333,0.0,0.26666666666666666,0.0,0.1,0.0,0.06666666666666667,0.03333333333333333,0.078125,0.00962962962962963
0.018867924528301886,0.05660377358490566,0.11320754716981132,0.0,0.05660377358490566,0.0,0.6415094339622641,0.0,0.07547169811320754,0.03773584905660377,0.10433070866141732,0.03758158300700131
0.2,0.0,0.06666666666666667,0.0,0.06666666666666667,0.0,0.5,0.16666666666666666,0.0,0.0,0.05434782608695652,0.025185185185185192
0.06060606060606061,0.030303030303030304,0.6666666666666666,0.0,0.06060606060606061,0.0,0.15151515151515152,0.0,0.030303030303030304,0.0,0.03942652329749104,0.041842669115396386
0.13636363636363635,0.22727272727272727,0.4090909090909091,0.0,0.18181818181818182,0.0,0.0,0.0,0.045454545454545456,0.0,0.07006369426751592,0.01919191919191919
0.038461538461538464,0.038461538461538464,0.4230769230769231,0.0,0.038461538461538464,0.0,0.4230769230769231,0.038461538461538464,0.0,0.0,0.07784431137724551,0.029322813938198546
0.3170731707317073,0.12195121951219512,0.12195121951219512,0.0,0.07317073170731707,0.0,0.12195121951219512,0.0,0.0,0.24390243902439024,0.10379746835443038,0.012221561240002643
0.3181818181818182,0.045454545454545456,0.2727272727272727,0.0,0.13636363636363635,0.0,0.22727272727272727,0.0,0.0,0.0,0.042884990253411304,0.016437098255280072
0.0,0.13333333333333333,0.3333333333333333,0.0,0.26666666666666666,0.0,0.2,0.0,0.06666666666666667,0.0,0.044642857142857144,0.016049382716049384
0.02702702702702703,0.13513513513513514,0.13513513513513514,0.0,0.4864864864864865,0.0,0.16216216216216217,0.05405405405405406,0.0,0.0,0.08333333333333333,0.022571219868517168
0.14285714285714285,0.11428571428571428,0.22857142857142856,0.05714285714285714,0.14285714285714285,0.0,0.22857142857142856,0.02857142857142857,0.05714285714285714,0.0,0.0641025641025641,0.007301587301587301
0.10344827586206896,0.20689655172413793,0.3448275862068966,0.0,0.06896551724137931,0.034482758620689655,0.10344827586206896,0.06896551724137931,0.0,0.06896551724137931,0.10175438596491228,0.010952569692165412
0.08333333333333333,0.0,0.6666666666666666,0.0,0.027777777777777776,0.0,0.08333333333333333,0.1111111111111111,0.027777777777777776,0.0,0.05872756933115824,0.04135802469135802
0.0,0.21052631578947367,0.39473684210526316,0.02631578947368421,0.10526315789473684,0.0,0.18421052631578946,0.0,0.05263157894736842,0.02631578947368421,0.09768637532133675,0.016589719913819637
0.06666666666666667,0.06666666666666667,0.5333333333333333,0.0,0.0,0.0,0.3,0.03333333333333333,0.0,0.0,0.07894736842105263,0.03160493827160494
0.5476190476190477,0.0,0.09523809523809523,0.0,0.023809523809523808,0.0,0.2619047619047619,0.047619047619047616,0.023809523809523808,0.0,0.11290322580645161,0.03121693121693123
0.5588235294117647,0.14705882352941177,0.058823529411764705,0.0,0.0,0.0,0.23529411764705882,0.0,0.0,0.0,0.1297709923664122,0.03252595155709343
0.10344827586206896,0.034482758620689655,0.4827586206896552,0.0,0.034482758620689655,0.0,0.27586206896551724,0.06896551724137931,0.0,0.0,0.06839622641509434,0.025221297397278374
0.35714285714285715,0.14285714285714285,0.21428571428571427,0.0,0.0,0.0,0.07142857142857142,0.14285714285714285,0.0,0.07142857142857142,0.05185185185185185,0.01383219954648526
0.5974025974025974,0.012987012987012988,0.06493506493506493,0.012987012987012988,0.18181818181818182,0.0,0.12987012987012986,0.0,0.0,0.0,0.10921985815602837,0.034596428102921614
0.3076923076923077,0.10256410256410256,0.1282051282051282,0.02564102564102564,0.05128205128205128,0.05128205128205128,0.2564102564102564,0.05128205128205128,0.0,0.02564102564102564,0.11504424778761062,0.010731244064577398
0.1111111111111111,0.027777777777777776,0.3333333333333333,0.0,0.3611111111111111,0.0,0.05555555555555555,0.0,0.1111111111111111,0.0,0.08333333333333333,0.018895747599451302
0.08771929824561403,0.2807017543859649,0.15789473684210525,0.0,0.03508771929824561,0.0,0.3684210526315789,0.05263157894736842,0.0,0.017543859649122806,0.09628378378378379,0.016829109811565948
0.0821917808219178,0.3698630136986301,0.1095890410958904,0.0,0.1095890410958904,0.0,0.2465753424657534,0.0684931506849315,0.0136986301369863,0.0,0.11624203821656051,0.014805779696003
0.06666666666666667,0.13333333333333333,0.4,0.0,0.0,0.0,0.2,0.13333333333333333,0.0,0.06666666666666667,0.05725190839694656,0.016049382716049387
0.07142857142857142,0.0,0.14285714285714285,0.0,0.14285714285714285,0.0,0.6428571428571429,0.0,0.0,0.0,0.03674540682414698,0.03990929705215421
0.0449438202247191,0.30337078651685395,0.12359550561797752,0.011235955056179775,0.16853932584269662,0.011235955056179775,0.19101123595505617,0.056179775280898875,0.06741573033707865,0.02247191011235955,0.14149443561208266,0.009186550519715524
0.02127659574468085,0.0425531914893617,0.1702127659574468,0.0,0.10638297872340426,0.0,0.1276595744680851,0.5106382978723404,0.02127659574468085,0.0,0.1760299625468165,0.024450480358130876
0.0,0.07142857142857142,0.5,0.07142857142857142,0.0,0.0,0.2857142857142857,0.0,0.07142857142857142,0.0,0.056451612903225805,0.027437641723356013
0.07142857142857142,0.2857142857142857,0.09523809523809523,0.0,0.047619047619047616,0.0,0.30952380952380953,0.023809523809523808,0.11904761904761904,0.047619047619047616,0.10687022900763359,0.012320483749055177
0.08333333333333333,0.041666666666666664,0.4166666666666667,0.0,0.0,0.0,0.4583333333333333,0.0,0.0,0.0,0.06030150753768844,0.032484567901234565
0.017857142857142856,0.35714285714285715,0.19642857142857142,0.0,0.08928571428571429,0.0,0.23214285714285715,0.08928571428571429,0.017857142857142856,0.0,0.12200435729847495,0.015178571428571427
0.13333333333333333,0.1,0.23333333333333334,0.2,0.03333333333333333,0.0,0.26666666666666666,0.0,0.03333333333333333,0.0,0.1016949152542373,0.010617283950617284
0.08163265306122448,0.0,0.2857142857142857,0.08163265306122448,0.46938775510204084,0.0,0.061224489795918366,0.02040816326530612,0.0,0.0,0.09979633401221996,0.02438335878569115
0.1111111111111111,0.037037037037037035,0.3333333333333333,0.037037037037037035,0.0,0.0,0.4074074074074074,0.037037037037037035,0.0,0.037037037037037035,0.09642857142857143,0.02165828379820149
0.2916666666666667,0.0,0.20833333333333334,0.0,0.0,0.0,0.125,0.125,0.0,0.25,0.07868852459016394,0.013580246913580249
0.0975609756097561,0.24390243902439024,0.04878048780487805,0.0,0.0,0.0,0.5365853658536586,0.0,0.024390243902439025,0.04878048780487805,0.12349397590361445,0.02914270606120696
0.04918032786885246,0.3442622950819672,0.3114754098360656,0.0,0.0,0.0,0.2459016393442623,0.0,0.01639344262295082,0.03278688524590164,0.10409556313993173,0.019973722714921316
0.3793103448275862,0.10344827586206896,0.10344827586206896,0.0,0.0,0.0,0.3448275862068966,0.06896551724137931,0.0,0.0,0.11462450592885376,0.020993526225393053
0.0,0.6111111111111112,0.16666666666666666,0.0,0.1388888888888889,0.0,0.027777777777777776,0.0,0.05555555555555555,0.0,0.1422924901185771,0.03604252400548698
0.13043478260869565,0.014492753623188406,0.21739130434782608,0.0,0.0,0.0,0.4927536231884058,0.07246376811594203,0.028985507246376812,0.043478260869565216,0.15935334872979215,0.023918877920138158
0.6666666666666666,0.1111111111111111,0.1111111111111111,0.0,0.1111111111111111,0.0,0.0,0.0,0.0,0.0,0.024,0.042386831275720155
0.6470588235294118,0.0,0.11764705882352941,0.0,0.0,0.0,0.23529411764705882,0.0,0.0,0.0,0.04985337243401759,0.04309880815071127
0.11764705882352941,0.0,0.11764705882352941,0.0,0.0,0.0,0.35294117647058826,0.0,0.0,0.4117647058823529,0.04047619047619048,0.024644367550941945
0.20833333333333334,0.08333333333333333,0.16666666666666666,0.0,0.0,0.0,0.25,0.25,0.0,0.041666666666666664,0.05504587155963303,0.011651234567901235
0.0,0.023255813953488372,0.5348837209302325,0.0,0.2558139534883721,0.0,0.18604651162790697,0.0,0.0,0.0,0.1048780487804878,0.03185505678745268
0.03571428571428571,0.2857142857142857,0.42857142857142855,0.03571428571428571,0.0,0.0,0.07142857142857142,0.0,0.0,0.14285714285714285,0.12280701754385964,0.021485260770975054
0.038461538461538464,0.0,0.5769230769230769,0.0,0.038461538461538464,0.0,0.2692307692307692,0.038461538461538464,0.0,0.038461538461538464,0.0858085808580858,0.034582511505588415
0.3076923076923077,0.07692307692307693,0.15384615384615385,0.0,0.07692307692307693,0.0,0.23076923076923078,0.07692307692307693,0.07692307692307693,0.0,0.02448210922787194,0.010585141354372123
0.0,0.0,0.53125,0.0,0.0,0.0,0.3125,0.125,0.03125,0.0,0.12549019607843137,0.032942708333333334
0.125,0.2916666666666667,0.25,0.0,0.0,0.0,0.2916666666666667,0.0,0.041666666666666664,0.0,0.0646900269541779,0.016666666666666666
0.0,0.10714285714285714,0.21428571428571427,0.0,0.21428571428571427,0.0,0.25,0.21428571428571427,0.0,0.0,0.0707070707070707,0.012414965986394558
0.02631578947368421,0.05263157894736842,0.2894736842105263,0.0,0.2894736842105263,0.0,0.15789473684210525,0.02631578947368421,0.15789473684210525,0.0,0.11692307692307692,0.013511849799938441
0.06666666666666667,0.03333333333333333,0.16666666666666666,0.03333333333333333,0.16666666666666666,0.0,0.4,0.06666666666666667,0.06666666666666667,0.0,0.07462686567164178,0.014567901234567906
0.03571428571428571,0.07142857142857142,0.14285714285714285,0.0,0.17857142857142858,0.0,0.5357142857142857,0.03571428571428571,0.0,0.0,0.057494866529774126,0.027437641723356013
0.1,0.45,0.05,0.0,0.3,0.0,0.05,0.05,0.0,0.0,0.07407407407407407,0.023333333333333334
0.0,0.0,0.18181818181818182,0.09090909090909091,0.5454545454545454,0.0,0.18181818181818182,0.0,0.0,0.0,0.03942652329749104,0.030211202938475665
0.13043478260869565,0.0,0.6956521739130435,0.0,0.0,0.0,0.043478260869565216,0.08695652173913043,0.0,0.043478260869565216,0.06534090909090909,0.045809703843730315
0.09375,0.125,0.28125,0.03125,0.09375,0.0,0.375,0.0,0.0,0.0,0.082687338501292,0.017100694444444446
0.03125,0.0625,0.15625,0.15625,0.0625,0.0,0.3125,0.1875,0.0,0.03125,0.07692307692307693,0.010156249999999999
0.075,0.15,0.35,0.0,0.025,0.0,0.225,0.15,0.025,0.0,0.12698412698412698,0.013888888888888886
0.013157894736842105,0.013157894736842105,0.3815789473684211,0.013157894736842105,0.2236842105263158,0.0,0.21052631578947367,0.06578947368421052,0.0,0.07894736842105263,0.10256410256410256,0.016782086795937214
0.14285714285714285,0.2857142857142857,0.21428571428571427,0.07142857142857142,0.14285714285714285,0.0,0.0,0.07142857142857142,0.07142857142857142,0.0,0.026415094339622643,0.009297052154195011
0.18181818181818182,0.18181818181818182,0.18181818181818182,0.09090909090909091,0.045454545454545456,0.0,0.18181818181818182,0.13636363636363635,0.0,0.0,0.08764940239043825,0.00679522497704316
0.5,0.0,0.08333333333333333,0.0,0.0,0.0,0.3333333333333333,0.08333333333333333,0.0,0.0,0.038461538461538464,0.030555555555555565
0.03333333333333333,0.06666666666666667,0.5,0.03333333333333333,0.26666666666666666,0.0,0.1,0.0,0.0,0.0,0.06550218340611354,0.02641975308641976
0.056338028169014086,0.14084507042253522,0.08450704225352113,0.014084507042253521,0.04225352112676056,0.0,0.16901408450704225,0.38028169014084506,0.11267605633802817,0.0,0.22397476340694006,0.013112477682999406
0.07407407407407407,0.25925925925925924,0.37037037037037035,0.0,0.1111111111111111,0.0,0.18518518518518517,0.0,0.0,0.0,0.06601466992665037,0.01739064167047706
0.19230769230769232,0.11538461538461539,0.15384615384615385,0.0,0.038461538461538464,0.038461538461538464,0.3269230769230769,0.07692307692307693,0.019230769230769232,0.038461538461538464,0.12380952380952381,0.01017422748191979
0.08333333333333333,0.0,0.4166666666666667,0.020833333333333332,0.16666666666666666,0.0,0.0625,0.16666666666666666,0.08333333333333333,0.0,0.13753581661891118,0.016377314814814817
0.04081632653061224,0.08163265306122448,0.10204081632653061,0.0,0.02040816326530612,0.02040816326530612,0.5918367346938775,0.02040816326530612,0.04081632653061224,0.08163265306122448,0.11475409836065574,0.030954694803091307
0.0,0.14634146341463414,0.21951219512195122,0.1951219512195122,0.1951219512195122,0.024390243902439025,0.0975609756097561,0.0975609756097561,0.024390243902439025,0.0,0.06996587030716724,0.007330292815123275
0.0,0.1111111111111111,0.3888888888888889,0.0,0.16666666666666666,0.0,0.2222222222222222,0.0,0.0,0.1111111111111111,0.04326923076923077,0.01700960219478738
0.056338028169014086,0.16901408450704225,0.49295774647887325,0.014084507042253521,0.2112676056338028,0.0,0.04225352112676056,0.0,0.014084507042253521,0.0,0.14791666666666667,0.02461813132315017
0.0,0.0,0.29411764705882354,0.11764705882352941,0.0,0.0,0.47058823529411764,0.0,0.058823529411764705,0.058823529411764705,0.051829268292682924,0.025413302575932335
0.0,0.38461538461538464,0.38461538461538464,0.0,0.07692307692307693,0.0,0.11538461538461539,0.0,0.0,0.038461538461538464,0.0858085808580858,0.02406311637080868
0.11764705882352941,0.0,0.35294117647058826,0.0,0.29411764705882354,0.0,0.058823529411764705,0.0,0.0,0.17647058823529413,0.05802047781569966,0.017723952326028452
0.09090909090909091,0.18181818181818182,0.13636363636363635,0.0,0.045454545454545456,0.0,0.09090909090909091,0.13636363636363635,0.0,0.3181818181818182,0.06027397260273973,0.010009182736455464
0.0,0.023809523809523808,0.14285714285714285,0.0,0.0,0.0,0.09523809523809523,0.7142857142857143,0.0,0.023809523809523808,0.15162454873646208,0.0489795918367347
0.021739130434782608,0.10869565217391304,0.45652173913043476,0.0,0.13043478260869565,0.0,0.21739130434782608,0.0,0.021739130434782608,0.043478260869565216,0.12466124661246612,0.02081495484141986
0.8461538461538461,0.0,0.046153846153846156,0.0,0.03076923076923077,0.0,0.03076923076923077,0.0,0.0,0.046153846153846156,0.18156424581005587,0.06912557527942144
0.03333333333333333,0.26666666666666666,0.3333333333333333,0.0,0.0,0.0,0.36666666666666664,0.0,0.0,0.0,0.08695652173913043,0.02419753086419753
0.36585365853658536,0.024390243902439025,0.07317073170731707,0.0975609756097561,0.21951219512195122,0.0,0.12195121951219512,0.07317073170731707,0.024390243902439025,0.0,0.07321428571428572,0.013146936347412255
0.21568627450980393,0.11764705882352941,0.3333333333333333,0.0196078431372549,0.17647058823529413,0.0,0.0784313725490196,0.0196078431372549,0.0,0.0392156862745098,0.07391304347826087,0.012341407151095734
0.03571428571428571,0.25,0.21428571428571427,0.14285714285714285,0.0,0.0,0.21428571428571427,0.03571428571428571,0.03571428571428571,0.07142857142857142,0.07235142118863049,0.009297052154195011
0.5555555555555556,0.1111111111111111,0.14814814814814814,0.0,0.037037037037037035,0.0,0.14814814814814814,0.0,0.0,0.0,0.04607508532423208,0.029583904892546878
0.04,0.08,0.16,0.08,0.0,0.0,0.44,0.0,0.16,0.04,0.06596306068601583,0.017866666666666666
0.0,0.058823529411764705,0.5882352941176471,0.0,0.17647058823529413,0.0,0.0,0.058823529411764705,0.11764705882352941,0.0,0.05345911949685535,0.03310265282583622
0.6818181818181818,0.0,0.13636363636363635,0.0,0.11363636363636363,0.0,0.045454545454545456,0.022727272727272728,0.0,0.0,0.13134328358208955,0.044329660238751144
0.125,0.125,0.25,0.0,0.0,0.0,0.375,0.125,0.0,0.0,0.014285714285714285,0.01666666666666667
0.058823529411764705,0.029411764705882353,0.4117647058823529,0.0,0.058823529411764705,0.0,0.11764705882352941,0.17647058823529413,0.058823529411764705,0.08823529411764706,0.11564625850340136,0.014840445982314494
0.1,0.0,0.55,0.05,0.05,0.0,0.2,0.0,0.05,0.0,0.035211267605633804,0.028888888888888895
0.14814814814814814,0.037037037037037035,0.4444444444444444,0.0,0.0,0.0,0.2962962962962963,0.037037037037037035,0.0,0.037037037037037035,0.06264501160092807,0.02348727328151197
0.20588235294117646,0.058823529411764705,0.5,0.0,0.058823529411764705,0.0,0.029411764705882353,0.14705882352941177,0.0,0.0,0.10862619808306709,0.02464436755094195
0.15625,0.0625,0.0625,0.0625,0.03125,0.03125,0.15625,0.28125,0.03125,0.125,0.08205128205128205,0.006467013888888889
0.1111111111111111,0.2222222222222222,0.1111111111111111,0.0,0.16666666666666666,0.0,0.2222222222222222,0.05555555555555555,0.0,0.1111111111111111,0.03896103896103896,0.007407407407407408
0.014492753623188406,0.10144927536231885,0.36231884057971014,0.057971014492753624,0.028985507246376812,0.0,0.2463768115942029,0.15942028985507245,0.014492753623188406,0.014492753623188406,0.1806282722513089,0.014723797521529088
0.017543859649122806,0.12280701754385964,0.17543859649122806,0.0,0.017543859649122806,0.0,0.5087719298245614,0.017543859649122806,0.14035087719298245,0.0,0.1223175965665236,0.025036763448582477
0.23333333333333334,0.1,0.1,0.03333333333333333,0.0,0.0,0.43333333333333335,0.0,0.0,0.1,0.07633587786259542,0.019259259259259264
0.3076923076923077,0.07692307692307693,0.15384615384615385,0.0,0.0,0.038461538461538464,0.3076923076923077,0.038461538461538464,0.038461538461538464,0.038461538461538464,0.036775106082036775,0.013872452333990795
0.0,0.0,0.30434782608695654,0.0,0.13043478260869565,0.0,0.4782608695652174,0.043478260869565216,0.043478260869565216,0.0,0.04554455445544554,0.026906112161310655
0.15,0.1,0.35,0.05,0.2,0.0,0.1,0.05,0.0,0.0,0.036036036036036036,0.012222222222222221
0.034482758620689655,0.3793103448275862,0.10344827586206896,0.0,0.0,0.0,0.41379310344827586,0.034482758620689655,0.0,0.034482758620689655,0.11553784860557768,0.02548553309552121
0.5,0.16666666666666666,0.16666666666666666,0.0,0.0,0.0,0.1111111111111111,0.0,0.0,0.05555555555555555,0.05084745762711865,0.02455418381344308
0.02631578947368421,0.18421052631578946,0.3684210526315789,0.0,0.07894736842105263,0.02631578947368421,0.21052631578947367,0.05263157894736842,0.02631578947368421,0.02631578947368421,0.10052910052910052,0.01397353031702062
0.02531645569620253,0.08860759493670886,0.5063291139240507,0.0,0.16455696202531644,0.0,0.11392405063291139,0.05063291139240506,0.0379746835443038,0.012658227848101266,0.1299342105263158,0.02323167583542524
0.027777777777777776,0.027777777777777776,0.2222222222222222,0.0,0.2777777777777778,0.0,0.3611111111111111,0.027777777777777776,0.0,0.05555555555555555,0.05687203791469194,0.018038408779149518
0.2542372881355932,0.0847457627118644,0.1694915254237288,0.05084745762711865,0.03389830508474576,0.0,0.288135593220339,0.1016949152542373,0.0,0.01694915254237288,0.12114989733059549,0.01088129209358741
0.05263157894736842,0.05263157894736842,0.2631578947368421,0.0,0.21052631578947367,0.0,0.2631578947368421,0.0,0.0,0.15789473684210525,0.05491329479768786,0.012588488765774081
0.1111111111111111,0.027777777777777776,0.25,0.0,0.027777777777777776,0.0,0.2222222222222222,0.0,0.0,0.3611111111111111,0.11076923076923077,0.017352537722908092
0.09090909090909091,0.0,0.2727272727272727,0.0,0.045454545454545456,0.0,0.5454545454545454,0.045454545454545456,0.0,0.0,0.05263157894736842,0.031588613406795224
0.0,0.1111111111111111,0.4074074074074074,0.0,0.1111111111111111,0.037037037037037035,0.3333333333333333,0.0,0.0,0.0,0.07520891364902507,0.022572778539856727
0.0625,0.09375,0.5625,0.0,0.03125,0.0,0.125,0.09375,0.0,0.03125,0.09523809523809523,0.028385416666666663
0.3888888888888889,0.05555555555555555,0.05555555555555555,0.018518518518518517,0.0,0.0,0.05555555555555555,0.18518518518518517,0.018518518518518517,0.2222222222222222,0.05993340732519423,0.016095107453132144
0.05,0.1,0.3,0.0,0.25,0.0,0.25,0.05,0.0,0.0,0.06622516556291391,0.014444444444444446
0.0,0.12195121951219512,0.3170731707317073,0.04878048780487805,0.0975609756097561,0.07317073170731707,0.3170731707317073,0.0,0.024390243902439025,0.0,0.09624413145539906,0.014865490118315818
0.02564102564102564,0.1282051282051282,0.1794871794871795,0.02564102564102564,0.15384615384615385,0.0,0.358974358974359,0.02564102564102564,0.10256410256410256,0.0,0.08210526315789474,0.012630579297245965
0.10526315789473684,0.21052631578947367,0.2894736842105263,0.0,0.18421052631578946,0.0,0.15789473684210525,0.02631578947368421,0.02631578947368421,0.0,0.09547738693467336,0.011049553708833489
0.14814814814814814,0.0,0.25925925925925924,0.037037037037037035,0.0,0.0,0.5185185185185185,0.0,0.0,0.037037037037037035,0.05806451612903226,0.028974241731443376
0.125,0.0,0.6875,0.0,0.0,0.0,0.1875,0.0,0.0,0.0,0.022566995768688293,0.04704861111111111
0.49056603773584906,0.018867924528301886,0.07547169811320754,0.0,0.16981132075471697,0.0,0.09433962264150944,0.018867924528301886,0.03773584905660377,0.09433962264150944,0.07771260997067449,0.021680313278746886
0.07692307692307693,0.15384615384615385,0.3076923076923077,0.0,0.15384615384615385,0.0,0.3076923076923077,0.0,0.0,0.0,0.04421768707482993,0.015844838921762
0.15151515151515152,0.06060606060606061,0.48484848484848486,0.0,0.030303030303030304,0.0,0.2727272727272727,0.0,0.0,0.0,0.07415730337078652,0.026334047546168762
0.024390243902439025,0.4878048780487805,0.12195121951219512,0.0,0.0,0.0,0.24390243902439024,0.04878048780487805,0.0,0.07317073170731707,0.09403669724770643,0.024515830524158906
0.02631578947368421,0.18421052631578946,0.34210526315789475,0.02631578947368421,0.15789473684210525,0.0,0.21052631578947367,0.0,0.02631578947368421,0.02631578947368421,0.13427561837455831,0.013665743305632503
0.0,0.0,0.36363636363636365,0.0,0.0,0.0,0.45454545454545453,0.0,0.09090909090909091,0.09090909090909091,0.02466367713004484,0.028374655647382913
0.5,0.0,0.35294117647058826,0.0,0.08823529411764706,0.0,0.058823529411764705,0.0,0.0,0.0,0.08173076923076923,0.03175701653210304
0.5952380952380952,0.03571428571428571,0.08333333333333333,0.0,0.0,0.0,0.23809523809523808,0.047619047619047616,0.0,0.0,0.15441176470588236,0.035720584530108346
0.0,0.05,0.125,0.175,0.375,0.0,0.225,0.025,0.025,0.0,0.08714596949891068,0.015694444444444445
0.4090909090909091,0.045454545454545456,0.25,0.0,0.1590909090909091,0.0,0.09090909090909091,0.0,0.045454545454545456,0.0,0.10377358490566038,0.018617998163452706
0.14285714285714285,0.0,0.2857142857142857,0.0,0.0,0.0,0.42857142857142855,0.07142857142857142,0.0,0.07142857142857142,0.035897435897435895,0.0217687074829932
0.03333333333333333,0.03333333333333333,0.36666666666666664,0.0,0.03333333333333333,0.0,0.4666666666666667,0.0,0.03333333333333333,0.03333333333333333,0.11952191235059761,0.028641975308641973
0.25,0.08333333333333333,0.4166666666666667,0.0,0.08333333333333333,0.0,0.0,0.08333333333333333,0.08333333333333333,0.0,0.03614457831325301,0.018209876543209876
0.0,0.17567567567567569,0.2972972972972973,0.06756756756756757,0.12162162162162163,0.0,0.16216216216216217,0.16216216216216217,0.0,0.013513513513513514,0.13120567375886524,0.010153396639883128
0.0,0.1,0.4,0.0,0.0,0.0,0.5,0.0,0.0,0.0,0.05970149253731343,0.03555555555555557
0.02,0.08,0.14,0.0,0.04,0.0,0.32,0.4,0.0,0.0,0.125,0.02115555555555556
0.0,0.23076923076923078,0.3333333333333333,0.05128205128205128,0.23076923076923078,0.0,0.15384615384615385,0.0,0.0,0.0,0.10103626943005181,0.015990941631967275
0.030303030303030304,0.0,0.5757575757575758,0.0,0.030303030303030304,0.0,0.18181818181818182,0.030303030303030304,0.030303030303030304,0.12121212121212122,0.05892857142857143,0.03143556779920417
0.03278688524590164,0.2459016393442623,0.4426229508196721,0.0,0.0,0.0,0.11475409836065574,0.16393442622950818,0.0,0.0,0.1752873563218391,0.02194451909582251
0.2,0.0,0.26666666666666666,0.0,0.03333333333333333,0.0,0.5,0.0,0.0,0.0,0.078125,0.029135802469135812
0.17391304347826086,0.043478260869565216,0.08695652173913043,0.13043478260869565,0.391304347826087,0.0,0.13043478260869565,0.0,0.043478260869565216,0.0,0.058823529411764705,0.01430371770636421
0.5977011494252874,0.011494252873563218,0.11494252873563218,0.0,0.022988505747126436,0.0,0.2413793103448276,0.0,0.0,0.011494252873563218,0.11211340206185567,0.03661279194374716
0.07142857142857142,0.16666666666666666,0.2619047619047619,0.023809523809523808,0.11904761904761904,0.0,0.3333333333333333,0.0,0.0,0.023809523809523808,0.08936170212765958,0.01421012849584278
0.4666666666666667,0.03333333333333333,0.23333333333333334,0.0,0.0,0.0,0.06666666666666667,0.03333333333333333,0.0,0.16666666666666666,0.1276595744680851,0.02296296296296297
0.0392156862745098,0.17647058823529413,0.21568627450980393,0.0196078431372549,0.17647058823529413,0.0,0.17647058823529413,0.0392156862745098,0.11764705882352941,0.0392156862745098,0.1007905138339921,0.006531675851168355
0.14705882352941177,0.08823529411764706,0.2647058823529412,0.0,0.029411764705882353,0.0,0.38235294117647056,0.0,0.08823529411764706,0.0,0.07906976744186046,0.01714725105728566
0.0,0.44776119402985076,0.23880597014925373,0.0,0.014925373134328358,0.0,0.26865671641791045,0.029850746268656716,0.0,0.0,0.15764705882352942,0.025645404816712458
0.09375,0.25,0.125,0.0625,0.0,0.0,0.125,0.28125,0.03125,0.03125,0.11764705882352941,0.009722222222222222
0.1590909090909091,0.3409090909090909,0.09090909090909091,0.022727272727272728,0.022727272727272728,0.0,0.25,0.06818181818181818,0.0,0.045454545454545456,0.12790697674418605,0.013337924701561065
0.11904761904761904,0.30952380952380953,0.21428571428571427,0.023809523809523808,0.0,0.0,0.3333333333333333,0.0,0.0,0.0,0.14634146341463414,0.018619299571680528
0.16666666666666666,0.5,0.0,0.0,0.0,0.0,0.16666666666666666,0.0,0.0,0.16666666666666666,0.014218009478672985,0.02592592592592593
0.05357142857142857,0.2857142857142857,0.14285714285714285,0.07142857142857142,0.19642857142857142,0.017857142857142856,0.17857142857142858,0.03571428571428571,0.017857142857142856,0.0,0.11740041928721175,0.00915532879818594
0.1,0.06666666666666667,0.4,0.0,0.0,0.0,0.3,0.13333333333333333,0.0,0.0,0.061224489795918366,0.02024691358024692
0.3023255813953488,0.0,0.4418604651162791,0.0,0.11627906976744186,0.0,0.11627906976744186,0.023255813953488372,0.0,0.0,0.11528150134048257,0.02380265609037919
0.03773584905660377,0.0,0.20754716981132076,0.03773584905660377,0.32075471698113206,0.0,0.24528301886792453,0.05660377358490566,0.0,0.09433962264150944,0.07969924812030076,0.013452790633281912
0.04878048780487805,0.024390243902439025,0.5853658536585366,0.0,0.04878048780487805,0.0,0.2682926829268293,0.0,0.024390243902439025,0.0,0.08299595141700405,0.03562033181307423
0.09090909090909091,0.025974025974025976,0.5714285714285714,0.025974025974025976,0.07792207792207792,0.0,0.05194805194805195,0.0,0.15584415584415584,0.0,0.13532513181019332,0.029911358482787056
0.06666666666666667,0.24444444444444444,0.26666666666666666,0.044444444444444446,0.044444444444444446,0.022222222222222223,0.17777777777777778,0.022222222222222223,0.044444444444444446,0.06666666666666667,0.09109311740890688,0.008696844993141288
0.12903225806451613,0.0,0.4838709677419355,0.06451612903225806,0.22580645161290322,0.0,0.03225806451612903,0.03225806451612903,0.03225806451612903,0.0,0.05615942028985507,0.023228118857671412
0.11428571428571428,0.22857142857142856,0.3142857142857143,0.0,0.05714285714285714,0.0,0.17142857142857143,0.0,0.0,0.11428571428571428,0.07760532150776053,0.012199546485260773
0.0,0.08333333333333333,0.16666666666666666,0.08333333333333333,0.08333333333333333,0.0,0.5833333333333334,0.0,0.0,0.0,0.042105263157894736,0.032098765432098775
0.02127659574468085,0.48936170212765956,0.10638297872340426,0.0,0.0,0.0,0.3404255319148936,0.0,0.0425531914893617,0.0,0.11137440758293839,0.029882802675921735
0.02040816326530612,0.02040816326530612,0.6326530612244898,0.0,0.0,0.0,0.2857142857142857,0.04081632653061224,0.0,0.0,0.1016597510373444,0.042709056411680324
0.04,0.4,0.36,0.0,0.04,0.0,0.12,0.0,0.04,0.0,0.056818181818181816,0.023200000000000005
0.14705882352941177,0.23529411764705882,0.17647058823529413,0.0,0.029411764705882353,0.029411764705882353,0.3235294117647059,0.0,0.029411764705882353,0.029411764705882353,0.09042553191489362,0.012918108419838524
0.0392156862745098,0.09803921568627451,0.21568627450980393,0.0,0.11764705882352941,0.0,0.3333333333333333,0.0196078431372549,0.09803921568627451,0.0784313725490196,0.1108695652173913,0.01097441155111282
0.03125,0.09375,0.40625,0.09375,0.1875,0.0,0.15625,0.0,0.0,0.03125,0.058394160583941604,0.016015625000000002
0.0625,0.03125,0.09375,0.0,0.03125,0.0,0.71875,0.0,0.03125,0.03125,0.06015037593984962,0.04813368055555555
0.25,0.0,0.0,0.0,0.125,0.0,0.25,0.375,0.0,0.0,0.02359882005899705,0.02013888888888889
0.07017543859649122,0.40350877192982454,0.24561403508771928,0.017543859649122806,0.05263157894736842,0.0,0.08771929824561403,0.08771929824561403,0.0,0.03508771929824561,0.11585365853658537,0.016418727129715125
0.08108108108108109,0.21621621621621623,0.24324324324324326,0.0,0.0,0.0,0.4594594594594595,0.0,0.0,0.0,0.10192837465564739,0.024843762681600524
0.037037037037037035,0.5370370370370371,0.25925925925925924,0.018518518518518517,0.018518518518518517,0.0,0.09259259259259259,0.018518518518518517,0.0,0.018518518518518517,0.12857142857142856,0.02966011278768481
0.17391304347826086,0.2608695652173913,0.2608695652173913,0.0,0.0,0.0,0.21739130434782608,0.0,0.0,0.08695652173913043,0.058524173027989825,0.013463558076034448
0.1875,0.25,0.21875,0.0,0.03125,0.0,0.09375,0.0625,0.0,0.15625,0.07785888077858881,0.009288194444444446
0.029411764705882353,0.058823529411764705,0.23529411764705882,0.029411764705882353,0.3235294117647059,0.0,0.20588235294117646,0.0,0.08823529411764706,0.029411764705882353,0.09340659340659341,0.012918108419838523
0.05263157894736842,0.18421052631578946,0.18421052631578946,0.21052631578947367,0.02631578947368421,0.0,0.2894736842105263,0.02631578947368421,0.0,0.02631578947368421,0.08315098468271334,0.011203447214527547
0.5476190476190477,0.14285714285714285,0.09523809523809523,0.0,0.0,0.0,0.19047619047619047,0.0,0.0,0.023809523809523808,0.0967741935483871,0.029579239103048636
0.29411764705882354,0.17647058823529413,0.0,0.0,0.0,0.0,0.29411764705882354,0.058823529411764705,0.0,0.17647058823529413,0.05246913580246913,0.015417147251057287
0.11428571428571428,0.0,0.2571428571428571,0.0,0.0,0.0,0.5714285714285714,0.05714285714285714,0.0,0.0,0.04908835904628331,0.03433106575963719
0.03225806451612903,0.0,0.16129032258064516,0.0,0.0,0.0,0.2903225806451613,0.5161290322580645,0.0,0.0,0.04144385026737968,0.030859058850734193
0.26229508196721313,0.19672131147540983,0.04918032786885246,0.0,0.06557377049180328,0.0,0.11475409836065574,0.2786885245901639,0.01639344262295082,0.01639344262295082,0.1203155818540434,0.011732210576607246
0.3684210526315789,0.05263157894736842,0.10526315789473684,0.0,0.0,0.0,0.47368421052631576,0.0,0.0,0.0,0.061488673139158574,0.030440135426285004
0.23529411764705882,0.058823529411764705,0.14705882352941177,0.0,0.23529411764705882,0.0,0.2647058823529412,0.029411764705882353,0.029411764705882353,0.0,0.0918918918918919,0.011956939638600537
0.2,0.04,0.04,0.04,0.16,0.0,0.52,0.0,0.0,0.0,0.09293680297397769,0.02675555555555556
0.1111111111111111,0.2222222222222222,0.4444444444444444,0.0,0.2222222222222222,0.0,0.0,0.0,0.0,0.0,0.034482758620689655,0.02318244170096022
0.03125,0.0625,0.25,0.1875,0.03125,0.03125,0.34375,0.03125,0.03125,0.0,0.10921501706484642,0.013845486111111114
0.1875,0.0625,0.3125,0.0,0.0,0.0,0.25,0.0625,0.125,0.0,0.032388663967611336,0.013194444444444444
0.24,0.44,0.0,0.0,0.0,0.0,0.04,0.0,0.0,0.28,0.08012820512820513,0.025688888888888893
0.11764705882352941,0.0,0.11764705882352941,0.0,0.0,0.0,0.35294117647058826,0.0,0.0,0.4117647058823529,0.04047619047619048,0.024644367550941945
0.56,0.12,0.12,0.0,0.0,0.0,0.0,0.2,0.0,0.0,0.06793478260869565,0.03137777777777779
0.14285714285714285,0.0,0.2857142857142857,0.0,0.0,0.0,0.42857142857142855,0.0,0.0,0.14285714285714285,0.01699029126213592,0.02290249433106576
0.10526315789473684,0.10526315789473684,0.2631578947368421,0.05263157894736842,0.10526315789473684,0.0,0.3684210526315789,0.0,0.0,0.0,0.03762376237623762,0.015666358879655274
0.15384615384615385,0.15384615384615385,0.34615384615384615,0.038461538461538464,0.038461538461538464,0.0,0.19230769230769232,0.07692307692307693,0.0,0.0,0.1368421052631579,0.01255752794214333
0.0,0.20689655172413793,0.3448275862068966,0.0,0.27586206896551724,0.0,0.10344827586206896,0.0,0.06896551724137931,0.0,0.09764309764309764,0.017029990751750563
0.045454545454545456,0.045454545454545456,0.3181818181818182,0.045454545454545456,0.36363636363636365,0.0,0.09090909090909091,0.0,0.045454545454545456,0.045454545454545456,0.07407407407407407,0.01689623507805326
0.05555555555555555,0.1111111111111111,0.2222222222222222,0.0,0.0,0.0,0.6111111111111112,0.0,0.0,0.0,0.0410958904109589,0.03758573388203019
0.1111111111111111,0.1111111111111111,0.4444444444444444,0.0,0.0,0.0,0.1111111111111111,0.0,0.0,0.2222222222222222,0.034482758620689655,0.020438957475994515
0.08571428571428572,0.2,0.4,0.02857142857142857,0.08571428571428572,0.0,0.2,0.0,0.0,0.0,0.09308510638297872,0.017278911564625854
0.03333333333333333,0.06666666666666667,0.7333333333333333,0.0,0.0,0.0,0.16666666666666666,0.0,0.0,0.0,0.06072874493927125,0.05234567901234567
0.0,0.08333333333333333,0.25,0.0,0.4166666666666667,0.0,0.16666666666666666,0.08333333333333333,0.0,0.0,0.02771362586605081,0.01975308641975309
0.047619047619047616,0.19047619047619047,0.23809523809523808,0.0,0.0,0.0,0.5238095238095238,0.0,0.0,0.0,0.0626865671641791,0.02995716805240615
0.34782608695652173,0.13043478260869565,0.10869565217391304,0.0,0.06521739130434782,0.0,0.2826086956521739,0.021739130434782608,0.021739130434782608,0.021739130434782608,0.07431340872374798,0.01503885738290275
0.35714285714285715,0.0,0.35714285714285715,0.0,0.0,0.0,0.07142857142857142,0.21428571428571427,0.0,0.0,0.03526448362720403,0.022902494331065764
0.59375,0.0,0.21875,0.0,0.09375,0.0,0.09375,0.0,0.0,0.0,0.06722689075630252,0.03532986111111111
0.2,0.2,0.2,0.0,0.0,0.0,0.1,0.2,0.1,0.0,0.020366598778004074,0.00888888888888889
0.034482758620689655,0.13793103448275862,0.3103448275862069,0.034482758620689655,0.06896551724137931,0.0,0.2413793103448276,0.10344827586206896,0.0,0.06896551724137931,0.07493540051679587,0.010688333993922581
0.0,0.2916666666666667,0.2916666666666667,0.0,0.25,0.0,0.125,0.041666666666666664,0.0,0.0,0.06,0.01666666666666667
0.05454545454545454,0.09090909090909091,0.18181818181818182,0.0,0.09090909090909091,0.0,0.45454545454545453,0.10909090909090909,0.01818181818181818,0.0,0.07323568575233022,0.019044995408631773
0.05555555555555555,0.25,0.3055555555555556,0.05555555555555555,0.0,0.0,0.3055555555555556,0.0,0.027777777777777776,0.0,0.08759124087591241,0.017352537722908096
0.034482758620689655,0.06896551724137931,0.3103448275862069,0.0,0.06896551724137931,0.0,0.4827586206896552,0.0,0.034482758620689655,0.0,0.03717948717948718,0.02680671158673537
0.07407407407407407,0.0,0.5185185185185185,0.0,0.2222222222222222,0.0,0.1111111111111111,0.037037037037037035,0.0,0.037037037037037035,0.07105263157894737,0.026535589087029417
0.21739130434782608,0.08695652173913043,0.13043478260869565,0.043478260869565216,0.043478260869565216,0.0,0.2608695652173913,0.0,0.043478260869565216,0.17391304347826086,0.053738317757009345,0.008422600294055869
0.11538461538461539,0.019230769230769232,0.19230769230769232,0.0,0.0,0.0,0.5384615384615384,0.09615384615384616,0.0,0.038461538461538464,0.07669616519174041,0.02792570677186062
0.023255813953488372,0.023255813953488372,0.20930232558139536,0.023255813953488372,0.13953488372093023,0.0,0.4186046511627907,0.023255813953488372,0.023255813953488372,0.11627906976744186,0.08739837398373984,0.017192476413677063
0.08888888888888889,0.4444444444444444,0.06666666666666667,0.0,0.0,0.022222222222222223,0.28888888888888886,0.08888888888888889,0.0,0.0,0.11221945137157108,0.022414266117969824
0.09090909090909091,0.0,0.09090909090909091,0.0,0.36363636363636365,0.0,0.36363636363636365,0.09090909090909091,0.0,0.0,0.03492063492063492,0.021028466483011946
0.045454545454545456,0.045454545454545456,0.5,0.18181818181818182,0.0,0.0,0.0,0.0,0.18181818181818182,0.045454545454545456,0.05913978494623656,0.024701561065197435
0.0,0.18604651162790697,0.5348837209302325,0.023255813953488372,0.13953488372093023,0.0,0.09302325581395349,0.0,0.0,0.023255813953488372,0.1184573002754821,0.027768763896400452
0.10344827586206896,0.034482758620689655,0.6896551724137931,0.0,0.0,0.0,0.10344827586206896,0.034482758620689655,0.0,0.034482758620689655,0.07571801566579635,0.04451050336900517
0.14893617021276595,0.0,0.46808510638297873,0.02127659574468085,0.02127659574468085,0.0,0.3191489361702128,0.02127659574468085,0.0,0.0,0.06385869565217392,0.027166641517026316
0.047619047619047616,0.047619047619047616,0.23809523809523808,0.047619047619047616,0.0,0.0,0.38095238095238093,0.09523809523809523,0.09523809523809523,0.047619047619047616,0.05263157894736842,0.01433610481229529
0.023809523809523808,0.23809523809523808,0.11904761904761904,0.16666666666666666,0.023809523809523808,0.0,0.35714285714285715,0.047619047619047616,0.0,0.023809523809523808,0.0875,0.014462081128747797
0.20833333333333334,0.08333333333333333,0.5,0.041666666666666664,0.08333333333333333,0.0,0.08333333333333333,0.0,0.0,0.0,0.06091370558375635,0.023996913580246918
0.0,0.13157894736842105,0.34210526315789475,0.0,0.05263157894736842,0.0,0.3684210526315789,0.07894736842105263,0.0,0.02631578947368421,0.1144578313253012,0.01997537703908895
0.023255813953488372,0.2558139534883721,0.3023255813953488,0.0,0.0,0.0,0.37209302325581395,0.046511627906976744,0.0,0.0,0.09930715935334873,0.021999879814914972
0.3125,0.25,0.125,0.0,0.0,0.0,0.125,0.0,0.0,0.1875,0.05161290322580645,0.014062500000000002
0.48484848484848486,0.06060606060606061,0.022727272727272728,0.0,0.0,0.0,0.07575757575757576,0.3560606060606061,0.0,0.0,0.20465116279069767,0.030198449137843086
0.18181818181818182,0.0,0.5454545454545454,0.0,0.0,0.0,0.18181818181818182,0.09090909090909091,0.0,0.0,0.06303724928366762,0.030211202938475665
0.2222222222222222,0.047619047619047616,0.09523809523809523,0.0,0.14285714285714285,0.0,0.12698412698412698,0.31746031746031744,0.015873015873015872,0.031746031746031744,0.2603305785123967,0.011032725847540661
0.016129032258064516,0.016129032258064516,0.14516129032258066,0.0,0.24193548387096775,0.0,0.1774193548387097,0.4032258064516129,0.0,0.0,0.1546134663341646,0.01935483870967742
0.09090909090909091,0.05454545454545454,0.2,0.0,0.43636363636363634,0.0,0.16363636363636364,0.01818181818181818,0.01818181818181818,0.01818181818181818,0.22267206477732793,0.018824609733700638
0.024390243902439025,0.36585365853658536,0.2926829268292683,0.0,0.0,0.0,0.3170731707317073,0.0,0.0,0.0,0.07564575645756458,0.024515830524158906
0.0,0.037037037037037035,0.37037037037037035,0.0,0.3333333333333333,0.0,0.25925925925925924,0.0,0.0,0.0,0.048561151079136694,0.024096936442615458
0.042105263157894736,0.08421052631578947,0.12631578947368421,0.021052631578947368,0.2736842105263158,0.0,0.3894736842105263,0.010526315789473684,0.042105263157894736,0.010526315789473684,0.1623931623931624,0.017094490612496155
0.08695652173913043,0.34782608695652173,0.08695652173913043,0.043478260869565216,0.13043478260869565,0.0,0.2608695652173913,0.0,0.043478260869565216,0.0,0.06804733727810651,0.013883637891199329
0.18181818181818182,0.36363636363636365,0.18181818181818182,0.0,0.0,0.0,0.09090909090909091,0.18181818181818182,0.0,0.0,0.03089887640449438,0.015518824609733703
0.0,0.4642857142857143,0.2857142857142857,0.0,0.03571428571428571,0.0,0.14285714285714285,0.03571428571428571,0.0,0.03571428571428571,0.10810810810810811,0.024603174603174606
0.12,0.0,0.32,0.0,0.12,0.0,0.36,0.0,0.04,0.04,0.08012820512820513,0.01822222222222222
0.0,0.0,0.5,0.0,0.2857142857142857,0.0,0.14285714285714285,0.0,0.07142857142857142,0.0,0.04844290657439446,0.028571428571428574
0.03125,0.09375,0.34375,0.0,0.125,0.0,0.3125,0.03125,0.0,0.0625,0.07565011820330969,0.016232638888888887
0.0,0.1,0.23333333333333334,0.0,0.3,0.0,0.16666666666666666,0.1,0.06666666666666667,0.03333333333333333,0.07957559681697612,0.010864197530864199
0.2413793103448276,0.034482758620689655,0.06896551724137931,0.034482758620689655,0.0,0.0,0.4482758620689655,0.1724137931034483,0.0,0.0,0.10139860139860139,0.021786233320121556
0.3333333333333333,0.0,0.3333333333333333,0.0,0.0,0.0,0.3333333333333333,0.0,0.0,0.0,0.011111111111111112,0.025925925925925925
0.0,0.0,0.5333333333333333,0.0,0.06666666666666667,0.0,0.26666666666666666,0.13333333333333333,0.0,0.0,0.045317220543806644,0.0308641975308642
0.0,0.3125,0.21875,0.0,0.0,0.03125,0.375,0.03125,0.03125,0.0,0.07600950118764846,0.021006944444444446
0.058823529411764705,0.2647058823529412,0.3235294117647059,0.029411764705882353,0.08823529411764706,0.0,0.08823529411764706,0.11764705882352941,0.029411764705882353,0.0,0.09340659340659341,0.012149173394848136
0.0,0.037037037037037035,0.5925925925925926,0.0,0.0,0.0,0.25925925925925924,0.037037037037037035,0.0,0.07407407407407407,0.08490566037735849,0.03629019966468525
0.10869565217391304,0.06521739130434782,0.043478260869565216,0.021739130434782608,0.0,0.0,0.043478260869565216,0.6521739130434783,0.0,0.06521739130434782,0.16727272727272727,0.03887838689350978
0.35294117647058826,0.0,0.29411764705882354,0.0,0.11764705882352941,0.0,0.11764705882352941,0.058823529411764705,0.058823529411764705,0.0,0.04292929292929293,0.016186082276047675
0.0,0.07142857142857142,0.21428571428571427,0.0,0.2857142857142857,0.0,0.25,0.17857142857142858,0.0,0.0,0.1037037037037037,0.014115646258503402
0.0,0.20689655172413793,0.10344827586206896,0.034482758620689655,0.06896551724137931,0.0,0.4827586206896552,0.0,0.10344827586206896,0.0,0.08868501529051988,0.02257894041485005
0.0,0.0,0.7142857142857143,0.0,0.0,0.0,0.14285714285714285,0.0,0.14285714285714285,0.0,0.01699029126213592,0.05011337868480727
0.03125,0.03125,0.5,0.0,0.03125,0.0,0.25,0.0625,0.03125,0.0625,0.058287795992714025,0.02491319444444445
0.07317073170731707,0.2926829268292683,0.36585365853658536,0.0,0.0,0.0,0.17073170731707318,0.0975609756097561,0.0,0.0,0.11614730878186968,0.018170401216207287
0.05,0.4,0.25,0.0,0.0,0.0,0.15,0.0,0.0,0.15,0.0641025641025641,0.018888888888888893
0.03636363636363636,0.12727272727272726,0.45454545454545453,0.01818181818181818,0.01818181818181818,0.0,0.16363636363636364,0.03636363636363636,0.05454545454545454,0.09090909090909091,0.11044176706827309,0.018236914600550963
0.5365853658536586,0.04878048780487805,0.23170731707317074,0.0,0.08536585365853659,0.0,0.07317073170731707,0.012195121951219513,0.012195121951219513,0.0,0.15073529411764705,0.028547822063586494
0.13513513513513514,0.16216216216216217,0.10810810810810811,0.0,0.02702702702702703,0.02702702702702703,0.43243243243243246,0.02702702702702703,0.0,0.08108108108108109,0.10850439882697947,0.01688986283580879
0.08333333333333333,0.0,0.375,0.2916666666666667,0.08333333333333333,0.0,0.08333333333333333,0.0,0.041666666666666664,0.041666666666666664,0.0664819944598338,0.01666666666666667
0.043478260869565216,0.08695652173913043,0.30434782608695654,0.0,0.043478260869565216,0.0,0.4782608695652174,0.0,0.043478260869565216,0.0,0.05974025974025974,0.02606595253098089
0.0,0.0,0.1111111111111111,0.0,0.2222222222222222,0.0,0.6666666666666666,0.0,0.0,0.0,0.02821316614420063,0.045130315500685865
0.07894736842105263,0.18421052631578946,0.3157894736842105,0.02631578947368421,0.2631578947368421,0.0,0.05263157894736842,0.0,0.07894736842105263,0.0,0.14785992217898833,0.013204062788550321
0.27906976744186046,0.16279069767441862,0.13953488372093023,0.0,0.0,0.0,0.13953488372093023,0.0,0.0,0.27906976744186046,0.12609970674486803,0.013466738777717688
0.2631578947368421,0.10526315789473684,0.05263157894736842,0.05263157894736842,0.0,0.0,0.3684210526315789,0.0,0.0,0.15789473684210525,0.0581039755351682,0.016281932902431517
0.0625,0.25,0.4375,0.0,0.0,0.0,0.1875,0.0,0.0625,0.0,0.04776119402985075,0.021875000000000002
0.0,0.1,0.23333333333333334,0.0,0.3,0.0,0.16666666666666666,0.1,0.06666666666666667,0.03333333333333333,0.0797872340425532,0.010864197530864199
0.02127659574468085,0.3191489361702128,0.46808510638297873,0.06382978723404255,0.06382978723404255,0.0,0.06382978723404255,0.0,0.0,0.0,0.12634408602150538,0.025959458779739455
0.175,0.0,0.675,0.0,0.05,0.0,0.05,0.0,0.025,0.025,0.10498687664041995,0.04361111111111112
0.03125,0.03125,0.65625,0.03125,0.1875,0.0,0.03125,0.03125,0.0,0.0,0.07459207459207459,0.04118923611111111
0.05263157894736842,0.05263157894736842,0.47368421052631576,0.05263157894736842,0.0,0.0,0.3157894736842105,0.0,0.05263157894736842,0.0,0.045454545454545456,0.02613111726685134
0.08333333333333333,0.375,0.2916666666666667,0.041666666666666664,0.0,0.0,0.041666666666666664,0.08333333333333333,0.08333333333333333,0.0,0.030418250950570342,0.01666666666666667
0.21739130434782608,0.043478260869565216,0.30434782608695654,0.043478260869565216,0.17391304347826086,0.0,0.13043478260869565,0.0,0.08695652173913043,0.0,0.05764411027568922,0.01094307918504516
0.10416666666666667,0.25,0.125,0.0,0.2708333333333333,0.0,0.08333333333333333,0.020833333333333332,0.10416666666666667,0.041666666666666664,0.1437125748502994,0.009143518518518516
0.0,0.14285714285714285,0.37142857142857144,0.0,0.12857142857142856,0.014285714285714285,0.24285714285714285,0.014285714285714285,0.02857142857142857,0.05714285714285714,0.14957264957264957,0.015374149659863948
0.034482758620689655,0.3448275862068966,0.3448275862068966,0.0,0.0,0.0,0.27586206896551724,0.0,0.0,0.0,0.06605922551252848,0.02390011890606421
0.03333333333333333,0.03333333333333333,0.4,0.3,0.0,0.0,0.03333333333333333,0.03333333333333333,0.0,0.16666666666666666,0.12875536480686695,0.02024691358024692
0.021739130434782608,0.10869565217391304,0.21739130434782608,0.0,0.021739130434782608,0.021739130434782608,0.6086956521739131,0.0,0.0,0.0,0.07718120805369127,0.036777987817685376
0.047619047619047616,0.19047619047619047,0.09523809523809523,0.0,0.5238095238095238,0.0,0.09523809523809523,0.047619047619047616,0.0,0.0,0.032357473035439135,0.025925925925925932
0.02,0.18,0.54,0.04,0.08,0.02,0.08,0.04,0.0,0.0,0.141643059490085,0.026755555555555564
0.05555555555555555,0.0,0.5,0.0,0.0,0.0,0.25,0.19444444444444445,0.0,0.0,0.11042944785276074,0.028155006858710568
0.07407407407407407,0.1111111111111111,0.48148148148148145,0.037037037037037035,0.037037037037037035,0.0,0.25925925925925924,0.0,0.0,0.0,0.07803468208092486,0.024401768023167195
0.030303030303030304,0.06060606060606061,0.5454545454545454,0.0,0.06060606060606061,0.030303030303030304,0.18181818181818182,0.06060606060606061,0.030303030303030304,0.0,0.07349665924276169,0.02715029078665442
0.11764705882352941,0.17647058823529413,0.2647058823529412,0.0,0.029411764705882353,0.0,0.4117647058823529,0.0,0.0,0.0,0.07472527472527472,0.02060745866974241
0.05405405405405406,0.24324324324324326,0.0,0.02702702702702703,0.40540540540540543,0.0,0.10810810810810811,0.16216216216216217,0.0,0.0,0.10109289617486339,0.01835078321564808
0.07692307692307693,0.11538461538461539,0.5,0.038461538461538464,0.0,0.0,0.2692307692307692,0.0,0.0,0.0,0.06933333333333333,0.02702169625246549
0.13043478260869565,0.13043478260869565,0.21739130434782608,0.043478260869565216,0.13043478260869565,0.0,0.2608695652173913,0.0,0.08695652173913043,0.0,0.08363636363636363,0.008422600294055872
0.37037037037037035,0.2740740740740741,0.18518518518518517,0.0,0.05185185185185185,0.0,0.037037037037037035,0.05185185185185185,0.0,0.02962962962962963,0.20801232665639446,0.017134583142813596
0.08108108108108109,0.1891891891891892,0.08108108108108109,0.0,0.08108108108108109,0.0,0.43243243243243246,0.08108108108108109,0.02702702702702703,0.02702702702702703,0.08078602620087336,0.01672753834915998
0.25,0.20833333333333334,0.125,0.0,0.0,0.0,0.2916666666666667,0.125,0.0,0.0,0.07667731629392971,0.01358024691358025
0.046511627906976744,0.09302325581395349,0.4883720930232558,0.046511627906976744,0.046511627906976744,0.0,0.09302325581395349,0.023255813953488372,0.13953488372093023,0.023255813953488372,0.12874251497005987,0.020317288624481702
0.06666666666666667,0.4,0.06666666666666667,0.06666666666666667,0.0,0.0,0.16666666666666666,0.23333333333333334,0.0,0.0,0.08902077151335312,0.017283950617283956
0.0,0.3793103448275862,0.1724137931034483,0.034482758620689655,0.20689655172413793,0.0,0.10344827586206896,0.06896551724137931,0.0,0.034482758620689655,0.051601423487544484,0.014916105165807901
0.06329113924050633,0.43037974683544306,0.21518987341772153,0.0,0.11392405063291139,0.0,0.17721518987341772,0.0,0.0,0.0,0.21066666666666667,0.01999145436094643
0.10294117647058823,0.08823529411764706,0.3382352941176471,0.058823529411764705,0.20588235294117646,0.04411764705882353,0.11764705882352941,0.014705882352941176,0.0,0.029411764705882353,0.08684546615581099,0.01061130334486736
0.05660377358490566,0.03773584905660377,0.2641509433962264,0.18867924528301888,0.1320754716981132,0.0,0.1320754716981132,0.1320754716981132,0.018867924528301886,0.03773584905660377,0.11674008810572688,0.007123927059847316
0.02702702702702703,0.0,0.2972972972972973,0.0,0.05405405405405406,0.0,0.5675675675675675,0.05405405405405406,0.0,0.0,0.09973045822102426,0.03523252982712442
0.16666666666666666,0.041666666666666664,0.25,0.0,0.0,0.041666666666666664,0.041666666666666664,0.4166666666666667,0.0,0.041666666666666664,0.033426183844011144,0.01898148148148148
0.14285714285714285,0.0,0.7142857142857143,0.0,0.0,0.0,0.14285714285714285,0.0,0.0,0.0,0.02046783625730994,0.05011337868480727
0.0625,0.296875,0.25,0.03125,0.0625,0.0,0.109375,0.078125,0.0,0.109375,0.2222222222222222,0.009939236111111114
0.024390243902439025,0.04878048780487805,0.5121951219512195,0.024390243902439025,0.21951219512195122,0.0,0.07317073170731707,0.024390243902439025,0.04878048780487805,0.024390243902439025,0.13486842105263158,0.02478022341199022
0.12280701754385964,0.08771929824561403,0.40350877192982454,0.017543859649122806,0.07017543859649122,0.0,0.2807017543859649,0.017543859649122806,0.0,0.0,0.08892355694227769,0.01888102322082008
0.2222222222222222,0.0,0.3333333333333333,0.0,0.0,0.0,0.3333333333333333,0.1111111111111111,0.0,0.0,0.026470588235294117,0.020438957475994515
0.0,0.10526315789473684,0.5263157894736842,0.0,0.10526315789473684,0.0,0.15789473684210525,0.10526315789473684,0.0,0.0,0.040948275862068964,0.026131117266851342
0.06666666666666667,0.3,0.23333333333333334,0.0,0.03333333333333333,0.0,0.16666666666666666,0.06666666666666667,0.03333333333333333,0.1,0.07334963325183375,0.01037037037037037
0.23076923076923078,0.15384615384615385,0.15384615384615385,0.0,0.0,0.0,0.38461538461538464,0.07692307692307693,0.0,0.0,0.034031413612565446,0.01715976331360947
0.2727272727272727,0.09090909090909091,0.18181818181818182,0.0,0.0,0.0,0.45454545454545453,0.0,0.0,0.0,0.026004728132387706,0.024701561065197428
0.3181818181818182,0.20454545454545456,0.045454545454545456,0.11363636363636363,0.045454545454545456,0.0,0.20454545454545456,0.0,0.0,0.06818181818181818,0.15942028985507245,0.011845730027548212
0.0,0.3,0.25,0.0,0.05,0.0,0.3,0.05,0.05,0.0,0.07722007722007722,0.01666666666666667
0.07692307692307693,0.038461538461538464,0.34615384615384615,0.038461538461538464,0.038461538461538464,0.038461538461538464,0.34615384615384615,0.0,0.07692307692307693,0.0,0.0718232044198895,0.017488494411571336
0.12,0.04,0.32,0.0,0.12,0.04,0.28,0.04,0.04,0.0,0.05694760820045558,0.01288888888888889
0.12903225806451613,0.0967741935483871,0.3870967741935484,0.0,0.06451612903225806,0.0,0.22580645161290322,0.0,0.03225806451612903,0.06451612903225806,0.06212424849699399,0.015134697652907854
0.05714285714285714,0.14285714285714285,0.2571428571428571,0.0,0.0,0.0,0.5142857142857142,0.02857142857142857,0.0,0.0,0.08557457212713937,0.02834467120181406
0.0,0.0,0.2857142857142857,0.0,0.35714285714285715,0.0,0.35714285714285715,0.0,0.0,0.0,0.04375,0.026303854875283448
0.1320754716981132,0.07547169811320754,0.5094339622641509,0.0,0.1320754716981132,0.0,0.09433962264150944,0.03773584905660377,0.018867924528301886,0.0,0.05995475113122172,0.023420750761441404
0.05555555555555555,0.08333333333333333,0.4722222222222222,0.0,0.08333333333333333,0.0,0.19444444444444445,0.08333333333333333,0.027777777777777776,0.0,0.0743801652892562,0.02061042524005487
0.07142857142857142,0.08035714285714286,0.2857142857142857,0.03571428571428571,0.03571428571428571,0.0,0.375,0.08035714285714286,0.008928571428571428,0.026785714285714284,0.17862838915470494,0.01595804988662132
0.05714285714285714,0.17142857142857143,0.22857142857142856,0.0,0.02857142857142857,0.0,0.08571428571428572,0.37142857142857144,0.02857142857142857,0.02857142857142857,0.1,0.014739229024943314
0.22727272727272727,0.2727272727272727,0.09090909090909091,0.0,0.0,0.0,0.0,0.36363636363636365,0.0,0.045454545454545456,0.0672782874617737,0.01873278236914601
0.030303030303030304,0.06060606060606061,0.48484848484848486,0.0,0.0,0.0,0.36363636363636365,0.030303030303030304,0.0,0.030303030303030304,0.06889352818371608,0.030415263748597085
0.043478260869565216,0.21739130434782608,0.34782608695652173,0.0,0.2608695652173913,0.0,0.043478260869565216,0.0,0.0,0.08695652173913043,0.04431599229287091,0.016404116782188612
0.02857142857142857,0.02857142857142857,0.5714285714285714,0.0,0.02857142857142857,0.0,0.14285714285714285,0.0,0.17142857142857143,0.02857142857142857,0.10324483775811209,0.03106575963718821
0.0,0.20930232558139536,0.09302325581395349,0.046511627906976744,0.3023255813953488,0.0,0.27906976744186046,0.046511627906976744,0.0,0.023255813953488372,0.14052287581699346,0.014067664202872424
0.18604651162790697,0.09302325581395349,0.32558139534883723,0.046511627906976744,0.09302325581395349,0.0,0.16279069767441862,0.023255813953488372,0.023255813953488372,0.046511627906976744,0.09409190371991247,0.009981371311820204
0.8888888888888888,0.1111111111111111,0.0,0.0,0.0,0.0,0.0,0.0,0.0,0.0,0.032846715328467155,0.07805212620027435
0.0,0.0,0.2,0.0,0.13333333333333333,0.0,0.4666666666666667,0.0,0.06666666666666667,0.13333333333333333,0.056179775280898875,0.02197530864197532
0.40476190476190477,0.047619047619047616,0.30952380952380953,0.0,0.07142857142857142,0.0,0.14285714285714285,0.0,0.023809523809523808,0.0,0.10319410319410319,0.020886873267825654
0.5517241379310345,0.06896551724137931,0.10344827586206896,0.034482758620689655,0.10344827586206896,0.0,0.06896551724137931,0.0,0.034482758620689655,0.034482758620689655,0.08169014084507042,0.02654247588849254
0.11764705882352941,0.058823529411764705,0.23529411764705882,0.17647058823529413,0.0,0.0,0.23529411764705882,0.0,0.0,0.17647058823529413,0.0297723292469352,0.010034602076124567
0.07407407407407407,0.07407407407407407,0.2962962962962963,0.0,0.037037037037037035,0.0,0.4074074074074074,0.1111111111111111,0.0,0.0,0.08463949843260188,0.019829294314891017
0.0,0.08333333333333333,0.16666666666666666,0.16666666666666666,0.16666666666666666,0.0,0.25,0.16666666666666666,0.0,0.0,0.03761755485893417,0.008950617283950616
0.045454545454545456,0.45454545454545453,0.1590909090909091,0.0,0.0,0.0,0.2727272727272727,0.045454545454545456,0.0,0.022727272727272728,0.09523809523809523,0.02343893480257116
0.3333333333333333,0.2,0.13333333333333333,0.0,0.06666666666666667,0.0,0.26666666666666666,0.0,0.0,0.0,0.08064516129032258,0.016049382716049384
0.075,0.175,0.2,0.025,0.3,0.0,0.225,0.0,0.0,0.0,0.08528784648187633,0.013055555555555558
0.0,0.05263157894736842,0.42105263157894735,0.10526315789473684,0.05263157894736842,0.0,0.21052631578947367,0.10526315789473684,0.05263157894736842,0.0,0.03270223752151463,0.016897506925207757
0.07407407407407407,0.14814814814814814,0.48148148148148145,0.0,0.037037037037037035,0.037037037037037035,0.18518518518518517,0.0,0.037037037037037035,0.0,0.07627118644067797,0.021963115378753242
0.09523809523809523,0.3333333333333333,0.09523809523809523,0.0,0.09523809523809523,0.023809523809523808,0.16666666666666666,0.19047619047619047,0.0,0.0,0.1377049180327869,0.011438649533887629
0.16666666666666666,0.03333333333333333,0.4,0.0,0.0,0.03333333333333333,0.3,0.0,0.06666666666666667,0.0,0.06479481641468683,0.020493827160493833
0.4,0.0,0.24,0.0,0.24,0.0,0.12,0.0,0.0,0.0,0.06887052341597796,0.02106666666666667
0.0,0.13793103448275862,0.1724137931034483,0.20689655172413793,0.3448275862068966,0.0,0.06896551724137931,0.0,0.034482758620689655,0.034482758620689655,0.1039426523297491,0.013066455278108076
0.0967741935483871,0.0967741935483871,0.22580645161290322,0.0,0.06451612903225806,0.0,0.12903225806451613,0.2903225806451613,0.03225806451612903,0.06451612903225806,0.07769423558897243,0.008891201294947394
0.07692307692307693,0.15384615384615385,0.4230769230769231,0.0,0.0,0.0,0.3076923076923077,0.0,0.0,0.038461538461538464,0.0771513353115727,0.022748191978961205
0.037037037037037035,0.2777777777777778,0.07407407407407407,0.0,0.018518518518518517,0.037037037037037035,0.24074074074074073,0.2962962962962963,0.0,0.018518518518518517,0.18685121107266436,0.014647157445511353
0.6111111111111112,0.08333333333333333,0.05555555555555555,0.05555555555555555,0.027777777777777776,0.0,0.16666666666666666,0.0,0.0,0.0,0.09,0.03501371742112483
0.10294117647058823,0.08823529411764706,0.3382352941176471,0.058823529411764705,0.20588235294117646,0.04411764705882353,0.11764705882352941,0.014705882352941176,0.0,0.029411764705882353,0.08531994981179424,0.01061130334486736
0.30434782608695654,0.043478260869565216,0.17391304347826086,0.043478260869565216,0.021739130434782608,0.0,0.2391304347826087,0.0,0.0,0.17391304347826086,0.14375,0.012728418399495907
0.11475409836065574,0.0,0.39344262295081966,0.0,0.04918032786885246,0.0,0.0,0.3442622950819672,0.08196721311475409,0.01639344262295082,0.21328671328671328,0.021765355788467857
0.08823529411764706,0.07352941176470588,0.16176470588235295,0.0,0.08823529411764706,0.0,0.4264705882352941,0.10294117647058823,0.029411764705882353,0.029411764705882353,0.0921409214092141,0.015705497885428674
0.0,0.07142857142857142,0.21428571428571427,0.0,0.14285714285714285,0.0,0.14285714285714285,0.0,0.35714285714285715,0.07142857142857142,0.03341288782816229,0.013832199546485258
0.12,0.04,0.24,0.0,0.24,0.0,0.08,0.04,0.04,0.2,0.04553734061930783,0.008977777777777779
0.6590909090909091,0.045454545454545456,0.11363636363636363,0.022727272727272728,0.045454545454545456,0.0,0.09090909090909091,0.0,0.0,0.022727272727272728,0.1375,0.04008264462809917
0.5483870967741935,0.016129032258064516,0.1774193548387097,0.0,0.16129032258064516,0.0,0.0967741935483871,0.0,0.0,0.0,0.18960244648318042,0.02976066597294485
0.0,0.02702702702702703,0.24324324324324326,0.02702702702702703,0.10810810810810811,0.0,0.1891891891891892,0.05405405405405406,0.35135135135135137,0.0,0.1284722222222222,0.01494196899602305
0.0,0.046511627906976744,0.13953488372093023,0.0,0.18604651162790697,0.0,0.09302325581395349,0.46511627906976744,0.06976744186046512,0.0,0.14098360655737704,0.02067784387957454
0.125,0.0,0.625,0.0,0.0,0.0,0.25,0.0,0.0,0.0,0.030710172744721688,0.04097222222222222
0.47619047619047616,0.2857142857142857,0.047619047619047616,0.0,0.047619047619047616,0.0,0.09523809523809523,0.047619047619047616,0.0,0.0,0.07581227436823104,0.02491811539430587
0.375,0.0,0.375,0.125,0.0,0.0,0.125,0.0,0.0,0.0,0.027491408934707903,0.023611111111111117
0.14705882352941177,0.058823529411764705,0.45588235294117646,0.0,0.014705882352941176,0.0,0.22058823529411764,0.058823529411764705,0.029411764705882353,0.014705882352941176,0.12078152753108348,0.020703575547866206
0.022388059701492536,0.022388059701492536,0.5074626865671642,0.007462686567164179,0.208955223880597,0.0,0.21641791044776118,0.007462686567164179,0.007462686567164179,0.0,0.3743016759776536,0.027687433479369326
0.0,0.0,0.5555555555555556,0.0,0.0,0.0,0.4444444444444444,0.0,0.0,0.0,0.019955654101995565,0.04513031550068588
0.07142857142857142,0.11904761904761904,0.09523809523809523,0.0,0.0,0.011904761904761904,0.03571428571428571,0.5833333333333334,0.011904761904761904,0.07142857142857142,0.13548387096774195,0.03058704963466869
0.13636363636363635,0.11363636363636363,0.18181818181818182,0.0,0.0,0.0,0.045454545454545456,0.06818181818181818,0.0,0.45454545454545453,0.062146892655367235,0.01976584022038567
0.16666666666666666,0.1111111111111111,0.3888888888888889,0.0,0.0,0.0,0.2222222222222222,0.05555555555555555,0.0,0.05555555555555555,0.04488778054862843,0.016323731138545954
0.02040816326530612,0.02040816326530612,0.3877551020408163,0.0,0.3877551020408163,0.0,0.16326530612244897,0.0,0.02040816326530612,0.0,0.10492505353319058,0.025401453098246107
0.06382978723404255,0.0,0.3829787234042553,0.0,0.3829787234042553,0.0,0.1276595744680851,0.0,0.0425531914893617,0.0,0.11519607843137254,0.023947487550928022
0.0,0.5416666666666666,0.125,0.0,0.0,0.0,0.20833333333333334,0.08333333333333333,0.0,0.041666666666666664,0.07570977917981073,0.02901234567901234
0.3333333333333333,0.0,0.20833333333333334,0.0,0.25,0.0,0.16666666666666666,0.041666666666666664,0.0,0.0,0.06956521739130435,0.01628086419753087
0.05454545454545454,0.23636363636363636,0.16363636363636364,0.0,0.09090909090909091,0.0,0.2545454545454545,0.0,0.18181818181818182,0.01818181818181818,0.1282051282051282,0.010229568411386593
0.08333333333333333,0.375,0.4375,0.0,0.041666666666666664,0.0,0.0625,0.0,0.0,0.0,0.11214953271028037,0.02717978395061729
0.0,0.14893617021276595,0.2765957446808511,0.02127659574468085,0.0425531914893617,0.02127659574468085,0.3191489361702128,0.10638297872340426,0.02127659574468085,0.0425531914893617,0.1070615034168565,0.012982244353905742
0.1,0.42857142857142855,0.14285714285714285,0.014285714285714285,0.0,0.0,0.17142857142857143,0.05714285714285714,0.07142857142857142,0.014285714285714285,0.10954616588419405,0.016916099773242634
0.046511627906976744,0.2558139534883721,0.11627906976744186,0.023255813953488372,0.046511627906976744,0.0,0.3488372093023256,0.06976744186046512,0.023255813953488372,0.06976744186046512,0.12835820895522387,0.012865813352562948
0.10344827586206896,0.034482758620689655,0.3103448275862069,0.0,0.06896551724137931,0.06896551724137931,0.41379310344827586,0.0,0.0,0.0,0.07923497267759563,0.020993526225393053
0.05263157894736842,0.05263157894736842,0.15789473684210525,0.0,0.05263157894736842,0.0,0.39473684210526316,0.13157894736842105,0.07894736842105263,0.07894736842105263,0.08085106382978724,0.013204062788550323
0.027777777777777776,0.05555555555555555,0.2777777777777778,0.027777777777777776,0.08333333333333333,0.027777777777777776,0.4444444444444444,0.027777777777777776,0.027777777777777776,0.0,0.07072691552062868,0.020953360768175583
0.03773584905660377,0.2641509433962264,0.16981132075471697,0.0,0.03773584905660377,0.0,0.37735849056603776,0.05660377358490566,0.05660377358490566,0.0,0.1536231884057971,0.016696333214667146
0.09523809523809523,0.5714285714285714,0.19047619047619047,0.0,0.0,0.0,0.047619047619047616,0.0,0.09523809523809523,0.0,0.07749077490774908,0.03146888384983623
0.01818181818181818,0.18181818181818182,0.16363636363636364,0.0,0.0,0.01818181818181818,0.2909090909090909,0.01818181818181818,0.2909090909090909,0.01818181818181818,0.10516252390057361,0.014490358126721762
0.7368421052631579,0.013157894736842105,0.14473684210526316,0.0,0.02631578947368421,0.0,0.05263157894736842,0.013157894736842105,0.013157894736842105,0.0,0.1296928327645051,0.05198522622345336
0.16666666666666666,0.041666666666666664,0.5,0.0,0.041666666666666664,0.0,0.16666666666666666,0.0,0.041666666666666664,0.041666666666666664,0.06,0.023611111111111117
0.02040816326530612,0.10204081632653061,0.16326530612244897,0.02040816326530612,0.16326530612244897,0.0,0.22448979591836735,0.2857142857142857,0.02040816326530612,0.0,0.16013071895424835,0.010777916608820397
0.22727272727272727,0.13636363636363635,0.13636363636363635,0.0,0.0,0.0,0.2727272727272727,0.22727272727272727,0.0,0.0,0.058666666666666666,0.012764003673094583
0.07894736842105263,0.39473684210526316,0.21052631578947367,0.0,0.07894736842105263,0.0,0.07894736842105263,0.05263157894736842,0.0,0.10526315789473684,0.11987381703470032,0.014742997845490923
0.0,0.027777777777777776,0.4166666666666667,0.0,0.3333333333333333,0.0,0.1111111111111111,0.05555555555555555,0.05555555555555555,0.0,0.07860262008733625,0.02266803840877915
0.03125,0.0625,0.09375,0.0,0.15625,0.0,0.125,0.53125,0.0,0.0,0.10062893081761007,0.026215277777777782
0.0,0.0,0.53125,0.09375,0.0625,0.0625,0.15625,0.0625,0.0,0.03125,0.0963855421686747,0.02534722222222223
0.18181818181818182,0.36363636363636365,0.12121212121212122,0.030303030303030304,0.06060606060606061,0.0,0.12121212121212122,0.030303030303030304,0.0,0.09090909090909091,0.10714285714285714,0.012049790837669626
0.034482758620689655,0.13793103448275862,0.20689655172413793,0.034482758620689655,0.034482758620689655,0.0,0.5172413793103449,0.0,0.0,0.034482758620689655,0.07142857142857142,0.026014004492006873
0.07142857142857142,0.14285714285714285,0.14285714285714285,0.0,0.0,0.0,0.5714285714285714,0.047619047619047616,0.023809523809523808,0.0,0.09905660377358491,0.030587049634668684
0.4090909090909091,0.045454545454545456,0.09090909090909091,0.0,0.2727272727272727,0.0,0.09090909090909091,0.045454545454545456,0.0,0.045454545454545456,0.0718954248366013,0.01827364554637282
0.3333333333333333,0.037037037037037035,0.2222222222222222,0.0,0.0,0.0,0.4074074074074074,0.0,0.0,0.0,0.045,0.025316262764822437
0.15384615384615385,0.19230769230769232,0.4230769230769231,0.038461538461538464,0.0,0.0,0.15384615384615385,0.038461538461538464,0.0,0.0,0.06770833333333333,0.018474687705456936
0.5454545454545454,0.09090909090909091,0.09090909090909091,0.0,0.0,0.0,0.2727272727272727,0.0,0.0,0.0,0.08118081180811808,0.03204775022956841
0.13636363636363635,0.045454545454545456,0.13636363636363635,0.0,0.13636363636363635,0.0,0.2727272727272727,0.13636363636363635,0.045454545454545456,0.09090909090909091,0.05774278215223097,0.006795224977043159
0.0,0.21568627450980393,0.11764705882352941,0.0,0.0784313725490196,0.0,0.5098039215686274,0.0196078431372549,0.058823529411764705,0.0,0.15454545454545454,0.0255841770259302
0.07142857142857142,0.35714285714285715,0.17857142857142858,0.0,0.07142857142857142,0.0,0.32142857142857145,0.0,0.0,0.0,0.08115942028985507,0.019217687074829935
0.125,0.1,0.275,0.075,0.275,0.0,0.125,0.0,0.0,0.025,0.11363636363636363,0.010972222222222223
0.03636363636363636,0.0,0.43636363636363634,0.03636363636363636,0.14545454545454545,0.0,0.2545454545454545,0.0,0.03636363636363636,0.05454545454545454,0.09417808219178082,0.020367309458218547
0.015151515151515152,0.16666666666666666,0.13636363636363635,0.0,0.015151515151515152,0.015151515151515152,0.3181818181818182,0.0,0.3333333333333333,0.0,0.12716763005780346,0.017712478318538925
0.07142857142857142,0.16666666666666666,0.2619047619047619,0.023809523809523808,0.11904761904761904,0.0,0.3333333333333333,0.0,0.0,0.023809523809523808,0.08936170212765958,0.01421012849584278
0.27586206896551724,0.10344827586206896,0.034482758620689655,0.017241379310344827,0.08620689655172414,0.0,0.1206896551724138,0.3620689655172414,0.0,0.0,0.19795221843003413,0.0157088122605364
0.2857142857142857,0.0,0.14285714285714285,0.0,0.07142857142857142,0.0,0.42857142857142855,0.0,0.07142857142857142,0.0,0.03357314148681055,0.0217687074829932
0.08,0.04,0.16,0.0,0.16,0.0,0.56,0.0,0.0,0.0,0.07102272727272728,0.030311111111111122
0.022222222222222223,0.17777777777777778,0.2,0.0,0.1111111111111111,0.0,0.2222222222222222,0.1111111111111111,0.022222222222222223,0.13333333333333333,0.07487520798668885,0.007160493827160493
0.0,0.46875,0.15625,0.0,0.0,0.0,0.1875,0.03125,0.0625,0.09375,0.08743169398907104,0.021440972222222222
0.1282051282051282,0.20512820512820512,0.23076923076923078,0.02564102564102564,0.1794871794871795,0.0,0.10256410256410256,0.07692307692307693,0.0,0.05128205128205128,0.10540540540540541,0.00707867630944554
0.08888888888888889,0.06666666666666667,0.4666666666666667,0.0,0.022222222222222223,0.0,0.35555555555555557,0.0,0.0,0.0,0.09202453987730061,0.028559670781893007
0.04819277108433735,0.10843373493975904,0.20481927710843373,0.04819277108433735,0.25301204819277107,0.012048192771084338,0.1927710843373494,0.08433734939759036,0.024096385542168676,0.024096385542168676,0.1617933723196881,0.007549878227770519
0.043478260869565216,0.0,0.391304347826087,0.0,0.21739130434782608,0.0,0.2608695652173913,0.043478260869565216,0.043478260869565216,0.0,0.08679245283018867,0.019344675488342785
0.2222222222222222,0.037037037037037035,0.07407407407407407,0.0,0.0,0.037037037037037035,0.14814814814814814,0.2962962962962963,0.07407407407407407,0.1111111111111111,0.059734513274336286,0.009465020576131687
0.11764705882352941,0.11764705882352941,0.2647058823529412,0.14705882352941177,0.029411764705882353,0.0,0.11764705882352941,0.058823529411764705,0.0,0.14705882352941177,0.08994708994708994,0.00657439446366782
0.26666666666666666,0.13333333333333333,0.13333333333333333,0.06666666666666667,0.0,0.0,0.4,0.0,0.0,0.0,0.029940119760479042,0.01901234567901235
0.07692307692307693,0.02564102564102564,0.7692307692307693,0.0,0.0,0.0,0.1282051282051282,0.0,0.0,0.0,0.06456953642384106,0.057191905909854644
0.18181818181818182,0.3181818181818182,0.09090909090909091,0.045454545454545456,0.045454545454545456,0.0,0.13636363636363635,0.09090909090909091,0.0,0.09090909090909091,0.030555555555555555,0.00909090909090909
0.6379310344827587,0.034482758620689655,0.08620689655172414,0.0,0.0,0.0,0.1896551724137931,0.05172413793103448,0.0,0.0,0.11983471074380166,0.03935790725326993
0.16666666666666666,0.0,0.16666666666666666,0.0,0.25,0.0,0.16666666666666666,0.08333333333333333,0.0,0.16666666666666666,0.03761755485893417,0.00895061728395062
