token,category_id,category
compassion,1,care.virtue
empathy,1,care.virtue
kindness,1,care.virtue
caring,1,care.virtue
generosity,1,care.virtue
benevolence,1,care.virtue
altruism,1,care.virtue
compassionate,1,care.virtue
nurture,1,care.virtue
gentleness,1,care.virtue
nurturance,1,care.virtue
sympathy,1,care.virtue
nurturing,1,care.virtue
motherly,1,care.virtue
love,1,care.virtue
beneficence,1,care.virtue
empathize,1,care.virtue
helpfulness,1,care.virtue
loving,1,care.virtue
pity,1,care.virtue
mercy,1,care.virtue
nurturer,1,care.virtue
compassionately,1,care.virtue
nurturers,1,care.virtue
caringly,1,care.virtue
empathising,1,care.virtue
merciful,1,care.virtue
empathizing,1,care.virtue
nurtures,1,care.virtue
warmhearted,1,care.virtue
empathizers,1,care.virtue
protectiveness,1,care.virtue
nurtured,1,care.virtue
benevolent,1,care.virtue
mothering,1,care.virtue
cared,1,care.virtue
healing,1,care.virtue
empathises,1,care.virtue
humane,1,care.virtue
comfort,1,care.virtue
pitied,1,care.virtue
loved,1,care.virtue
altruist,1,care.virtue
cares,1,care.virtue
pitying,1,care.virtue
comforted,1,care.virtue
hug,1,care.virtue
comforting,1,care.virtue
consoling,1,care.virtue
empathizes,1,care.virtue
sympathize,1,care.virtue
care,1,care.virtue
caregiver,1,care.virtue
empathised,1,care.virtue
hugs,1,care.virtue
heal,1,care.virtue
generous,1,care.virtue
condolences,1,care.virtue
mothered,1,care.virtue
charitable,1,care.virtue
generously,1,care.virtue
pities,1,care.virtue
condolence,1,care.virtue
help,1,care.virtue
consolingly,1,care.virtue
solace,1,care.virtue
mother,1,care.virtue
healer,1,care.virtue
hospitality,1,care.virtue
charity,1,care.virtue
empathized,1,care.virtue
healers,1,care.virtue
pityingly,1,care.virtue
mothers,1,care.virtue
child,1,care.virtue
lovingly,1,care.virtue
parenting,1,care.virtue
rescuing,1,care.virtue
rescuer,1,care.virtue
loves,1,care.virtue
consoled,1,care.virtue
clothe,1,care.virtue
sympathizing,1,care.virtue
helping,1,care.virtue
shared,1,care.virtue
childhood,1,care.virtue
mommy,1,care.virtue
vulnerability,1,care.virtue
helpers,1,care.virtue
lover,1,care.virtue
hospitable,1,care.virtue
sharer,1,care.virtue
feeding,1,care.virtue
nursed,1,care.virtue
helper,1,care.virtue
safeness,1,care.virtue
nurses,1,care.virtue
protector,1,care.virtue
motherhood,1,care.virtue
alleviation,1,care.virtue
nursemaid,1,care.virtue
safeguard,1,care.virtue
protect,1,care.virtue
healthiness,1,care.virtue
protecters,1,care.virtue
patient,1,care.virtue
nurse,1,care.virtue
vulnerable,1,care.virtue
benefit,1,care.virtue
feed,1,care.virtue
childcare,1,care.virtue
rescuers,1,care.virtue
hugged,1,care.virtue
helpful,1,care.virtue
rescues,1,care.virtue
nursing,1,care.virtue
protecting,1,care.virtue
heals,1,care.virtue
childbearing,1,care.virtue
hugger,1,care.virtue
relief,1,care.virtue
healed,1,care.virtue
rescued,1,care.virtue
patients,1,care.virtue
share,1,care.virtue
rescue,1,care.virtue
healthy,1,care.virtue
hospitalise,1,care.virtue
hospitalising,1,care.virtue
hugging,1,care.virtue
nursery,1,care.virtue
healthier,1,care.virtue
sharing,1,care.virtue
helps,1,care.virtue
sympathizers,1,care.virtue
hospitalises,1,care.virtue
alleviating,1,care.virtue
wounded,1,care.virtue
wounds,1,care.virtue
hospitalize,1,care.virtue
alleviate,1,care.virtue
protective,1,care.virtue
protection,1,care.virtue
health,1,care.virtue
relieve,1,care.virtue
sympathizer,1,care.virtue
safety,1,care.virtue
beneficiary,1,care.virtue
helped,1,care.virtue
hospital,1,care.virtue
childbirth,1,care.virtue
benefits,1,care.virtue
healthcare,1,care.virtue
relievers,1,care.virtue
feeds,1,care.virtue
hospitalization,1,care.virtue
benefitting,1,care.virtue
relieving,1,care.virtue
safe,1,care.virtue
feeder,1,care.virtue
benefitted,1,care.virtue
hospitalized,1,care.virtue
unharmful,1,care.virtue
protects,1,care.virtue
unharmed,1,care.virtue
protecter,1,care.virtue
safely,1,care.virtue
safekeeping,1,care.virtue
hospitalizing,1,care.virtue
wounding,1,care.virtue
reliever,1,care.virtue
shares,1,care.virtue
relieves,1,care.virtue
alleviates,1,care.virtue
relieved,1,care.virtue
hospitalizes,1,care.virtue
console,1,care.virtue
protectorate,1,care.virtue
alleviated,1,care.virtue
protected,1,care.virtue
wound,1,care.virtue
consoles,1,care.virtue
harm,2,care.vice
suffer,2,care.vice
hurt,2,care.vice
harmed,2,care.vice
hurting,2,care.vice
hurts,2,care.vice
cruel,2,care.vice
endanger,2,care.vice
harming,2,care.vice
harms,2,care.vice
suffering,2,care.vice
threaten,2,care.vice
inflict,2,care.vice
suffered,2,care.vice
harmful,2,care.vice
inflicted,2,care.vice
mistreat,2,care.vice
endangers,2,care.vice
damaging,2,care.vice
injurious,2,care.vice
victimize,2,care.vice
inflicts,2,care.vice
hurtful,2,care.vice
suffers,2,care.vice
inflicting,2,care.vice
injures,2,care.vice
vulnerable,2,care.vice
unkind,2,care.vice
damage,2,care.vice
kill,2,care.vice
die,2,care.vice
victimizes,2,care.vice
torment,2,care.vice
destroy,2,care.vice
brutalise,2,care.vice
brutalises,2,care.vice
distresses,2,care.vice
endangering,2,care.vice
mistreats,2,care.vice
afflict,2,care.vice
distressing,2,care.vice
destroys,2,care.vice
victimises,2,care.vice
maltreat,2,care.vice
pain,2,care.vice
harsh,2,care.vice
mistreated,2,care.vice
ravage,2,care.vice
threatened,2,care.vice
harass,2,care.vice
unkindness,2,care.vice
afflicted,2,care.vice
threatens,2,care.vice
threatening,2,care.vice
distress,2,care.vice
brutalize,2,care.vice
tormenting,2,care.vice
brutalized,2,care.vice
victimizing,2,care.vice
damager,2,care.vice
damaged,2,care.vice
bully,2,care.vice
agony,2,care.vice
abused,2,care.vice
coldhearted,2,care.vice
inhuman,2,care.vice
injured,2,care.vice
torments,2,care.vice
brutalizes,2,care.vice
uncompassionate,2,care.vice
cruelty,2,care.vice
tormented,2,care.vice
mistreating,2,care.vice
endangered,2,care.vice
uncaring,2,care.vice
anguishes,2,care.vice
destroying,2,care.vice
killed,2,care.vice
mistreatment,2,care.vice
bullied,2,care.vice
harsher,2,care.vice
cruelness,2,care.vice
tortured,2,care.vice
pained,2,care.vice
tortures,2,care.vice
torturing,2,care.vice
maltreated,2,care.vice
anguish,2,care.vice
persecutes,2,care.vice
maltreatment,2,care.vice
brutalizing,2,care.vice
attacked,2,care.vice
victim,2,care.vice
crying,2,care.vice
damages,2,care.vice
discomforting,2,care.vice
abusing,2,care.vice
threat,2,care.vice
persecute,2,care.vice
brutalization,2,care.vice
violent,2,care.vice
annihilated,2,care.vice
torturous,2,care.vice
harasses,2,care.vice
injurer,2,care.vice
destroyed,2,care.vice
molests,2,care.vice
molest,2,care.vice
injuring,2,care.vice
afflicts,2,care.vice
killing,2,care.vice
ache,2,care.vice
wounded,2,care.vice
persecuted,2,care.vice
ravages,2,care.vice
harassed,2,care.vice
exploited,2,care.vice
injury,2,care.vice
brutalisation,2,care.vice
discomfort,2,care.vice
unmerciful,2,care.vice
annihilate,2,care.vice
exploiters,2,care.vice
injurers,2,care.vice
destruction,2,care.vice
manhandle,2,care.vice
kills,2,care.vice
casualties,2,care.vice
maltreating,2,care.vice
victims,2,care.vice
harassing,2,care.vice
needier,2,care.vice
smother,2,care.vice
harassment,2,care.vice
smothers,2,care.vice
unhelpful,2,care.vice
agonize,2,care.vice
inhumanity,2,care.vice
duress,2,care.vice
victimization,2,care.vice
exploiting,2,care.vice
cried,2,care.vice
wounds,2,care.vice
wounding,2,care.vice
murderous,2,care.vice
ravaged,2,care.vice
uncaringly,2,care.vice
pains,2,care.vice
painfulness,2,care.vice
manhandles,2,care.vice
bullies,2,care.vice
assaulted,2,care.vice
uncharitable,2,care.vice
distressed,2,care.vice
persecution,2,care.vice
murdered,2,care.vice
ravaging,2,care.vice
discomforted,2,care.vice
exploitation,2,care.vice
torture,2,care.vice
murderers,2,care.vice
aches,2,care.vice
afflictions,2,care.vice
ungenerous,2,care.vice
victimizer,2,care.vice
agonizing,2,care.vice
paining,2,care.vice
persecuting,2,care.vice
exploit,2,care.vice
harassers,2,care.vice
malevolent,2,care.vice
stabs,2,care.vice
sorrowful,2,care.vice
assaults,2,care.vice
needy,2,care.vice
affliction,2,care.vice
cries,2,care.vice
fighting,2,care.vice
fight,2,care.vice
attack,2,care.vice
annihilates,2,care.vice
sorrow,2,care.vice
agonized,2,care.vice
assaulting,2,care.vice
inhospitable,2,care.vice
threats,2,care.vice
ached,2,care.vice
rapists,2,care.vice
abuser,2,care.vice
raped,2,care.vice
assassinates,2,care.vice
stabbed,2,care.vice
inhospitality,2,care.vice
annihilation,2,care.vice
punch,2,care.vice
harshness,2,care.vice
abusers,2,care.vice
killer,2,care.vice
sufferers,2,care.vice
victimizers,2,care.vice
smite,2,care.vice
killers,2,care.vice
discomforts,2,care.vice
fatalities,2,care.vice
molested,2,care.vice
brutality,2,care.vice
murdering,2,care.vice
torturer,2,care.vice
torturers,2,care.vice
fights,2,care.vice
harmfulness,2,care.vice
bullying,2,care.vice
casualty,2,care.vice
sufferer,2,care.vice
exploiter,2,care.vice
fatality,2,care.vice
punches,2,care.vice
abuses,2,care.vice
attacks,2,care.vice
vulnerability,2,care.vice
carnage,2,care.vice
tribulation,2,care.vice
annihilator,2,care.vice
smothering,2,care.vice
bullyboy,2,care.vice
murderer,2,care.vice
wound,2,care.vice
stabber,2,care.vice
tormenters,2,care.vice
malevolence,2,care.vice
raping,2,care.vice
smothered,2,care.vice
assault,2,care.vice
genocidal,2,care.vice
anguishing,2,care.vice
aching,2,care.vice
anguished,2,care.vice
stabbing,2,care.vice
rapist,2,care.vice
harasser,2,care.vice
hungers,2,care.vice
hunger,2,care.vice
molesting,2,care.vice
rape,2,care.vice
molesters,2,care.vice
punched,2,care.vice
violence,2,care.vice
distressingly,2,care.vice
molester,2,care.vice
stabbers,2,care.vice
neediness,2,care.vice
assassinate,2,care.vice
agonizingly,2,care.vice
tribulations,2,care.vice
unhelpfulness,2,care.vice
assaulter,2,care.vice
puncher,2,care.vice
punching,2,care.vice
rapes,2,care.vice
genocides,2,care.vice
attackers,2,care.vice
tormentor,2,care.vice
assassinations,2,care.vice
destroyers,2,care.vice
punchers,2,care.vice
sorrows,2,care.vice
tormenter,2,care.vice
threateningly,2,care.vice
murder,2,care.vice
destroyer,2,care.vice
assassinating,2,care.vice
crier,2,care.vice
assassinated,2,care.vice
molestation,2,care.vice
attacker,2,care.vice
murders,2,care.vice
genocide,2,care.vice
fighter,2,care.vice
assassins,2,care.vice
assaulters,2,care.vice
hungering,2,care.vice
achingly,2,care.vice
hungered,2,care.vice
murderess,2,care.vice
assassin,2,care.vice
exploits,2,care.vice
fighters,2,care.vice
assassination,2,care.vice
equality,3,fairness.virtue
fairness,3,fairness.virtue
justice,3,fairness.virtue
rights,3,fairness.virtue
equitable,3,fairness.virtue
civil rights,3,fairness.virtue
fairplay,3,fairness.virtue
impartiality,3,fairness.virtue
equal,3,fairness.virtue
fairminded,3,fairness.virtue
proportionality,3,fairness.virtue
equalities,3,fairness.virtue
fair,3,fairness.virtue
integrity,3,fairness.virtue
impartial,3,fairness.virtue
reciprocity,3,fairness.virtue
honesty,3,fairness.virtue
egalitarian,3,fairness.virtue
civil right,3,fairness.virtue
law,3,fairness.virtue
justness,3,fairness.virtue
unbias,3,fairness.virtue
egalitarians,3,fairness.virtue
parity,3,fairness.virtue
objectiveness,3,fairness.virtue
reparations,3,fairness.virtue
unprejudiced,3,fairness.virtue
justices,3,fairness.virtue
laws,3,fairness.virtue
tribunals,3,fairness.virtue
retribution,3,fairness.virtue
reparation,3,fairness.virtue
lawfully,3,fairness.virtue
lawful,3,fairness.virtue
honest,3,fairness.virtue
compensation,3,fairness.virtue
lawyers,3,fairness.virtue
sportsmanship,3,fairness.virtue
tribunal,3,fairness.virtue
do unto others,3,fairness.virtue
golden rule,3,fairness.virtue
lawyer,3,fairness.virtue
proportional,3,fairness.virtue
equity,3,fairness.virtue
lawyering,3,fairness.virtue
trust,3,fairness.virtue
reciprocal,3,fairness.virtue
being objective,3,fairness.virtue
justification,3,fairness.virtue
trustworthiness,3,fairness.virtue
unbiased,3,fairness.virtue
vengeance,3,fairness.virtue
revenge,3,fairness.virtue
retributions,3,fairness.virtue
equals,3,fairness.virtue
equalize,3,fairness.virtue
refereeing,3,fairness.virtue
restitution,3,fairness.virtue
compensating,3,fairness.virtue
been objective,3,fairness.virtue
pay back,3,fairness.virtue
justified,3,fairness.virtue
justifies,3,fairness.virtue
retaliation,3,fairness.virtue
lawyered,3,fairness.virtue
compensated,3,fairness.virtue
referees,3,fairness.virtue
karma,3,fairness.virtue
will share,3,fairness.virtue
avenger,3,fairness.virtue
trusting,3,fairness.virtue
avengers,3,fairness.virtue
square deal,3,fairness.virtue
trusts,3,fairness.virtue
compensate,3,fairness.virtue
trustworthy,3,fairness.virtue
levels the playing field,3,fairness.virtue
tit for tat,3,fairness.virtue
retaliate,3,fairness.virtue
level the playing field,3,fairness.virtue
eye for an eye,3,fairness.virtue
square deals,3,fairness.virtue
repayment,3,fairness.virtue
payback,3,fairness.virtue
equities,3,fairness.virtue
justify,3,fairness.virtue
dues,3,fairness.virtue
square dealing,3,fairness.virtue
referee,3,fairness.virtue
repaid,3,fairness.virtue
square dealer,3,fairness.virtue
equalizer,3,fairness.virtue
due processes,3,fairness.virtue
level playing fields,3,fairness.virtue
repay,3,fairness.virtue
compensates,3,fairness.virtue
justifying,3,fairness.virtue
due processing,3,fairness.virtue
due process,3,fairness.virtue
repayments,3,fairness.virtue
repaying,3,fairness.virtue
level playing field,3,fairness.virtue
retaliating,3,fairness.virtue
square dealers,3,fairness.virtue
retaliated,3,fairness.virtue
refereed,3,fairness.virtue
revenger,3,fairness.virtue
avenging,3,fairness.virtue
repays,3,fairness.virtue
trusted,3,fairness.virtue
avenge,3,fairness.virtue
retaliates,3,fairness.virtue
equalizers,3,fairness.virtue
avenged,3,fairness.virtue
avenges,3,fairness.virtue
cheat,4,fairness.vice
unfair,4,fairness.vice
cheating,4,fairness.vice
unfairness,4,fairness.vice
injustice,4,fairness.vice
fraud,4,fairness.vice
dishonest,4,fairness.vice
unjust,4,fairness.vice
cheated,4,fairness.vice
fraudulent,4,fairness.vice
cheats,4,fairness.vice
frauds,4,fairness.vice
dishonesty,4,fairness.vice
cheaters,4,fairness.vice
deception,4,fairness.vice
injustices,4,fairness.vice
swindle,4,fairness.vice
inequity,4,fairness.vice
hypocrisy,4,fairness.vice
discrimination,4,fairness.vice
unequal,4,fairness.vice
cheater,4,fairness.vice
inequities,4,fairness.vice
defraud,4,fairness.vice
racism,4,fairness.vice
scam,4,fairness.vice
liar,4,fairness.vice
defrauds,4,fairness.vice
betrayal,4,fairness.vice
deceit,4,fairness.vice
defrauded,4,fairness.vice
inequality,4,fairness.vice
liars,4,fairness.vice
defrauders,4,fairness.vice
hypocrite,4,fairness.vice
biased,4,fairness.vice
ripoffs,4,fairness.vice
scams,4,fairness.vice
fleecing,4,fairness.vice
defrauder,4,fairness.vice
discriminates,4,fairness.vice
mislead,4,fairness.vice
inequalities,4,fairness.vice
prejudice,4,fairness.vice
fleeced,4,fairness.vice
defrauding,4,fairness.vice
ripoff,4,fairness.vice
scamming,4,fairness.vice
imposters,4,fairness.vice
exploitation,4,fairness.vice
crooked,4,fairness.vice
oppress,4,fairness.vice
racist,4,fairness.vice
oppression,4,fairness.vice
imposter,4,fairness.vice
swindled,4,fairness.vice
hypocrites,4,fairness.vice
plagiarism,4,fairness.vice
lied,4,fairness.vice
untrustworthiness,4,fairness.vice
hoodwink,4,fairness.vice
scammed,4,fairness.vice
blackmail,4,fairness.vice
bilks,4,fairness.vice
swindling,4,fairness.vice
betrayed,4,fairness.vice
bias,4,fairness.vice
connive,4,fairness.vice
crooks,4,fairness.vice
deceive,4,fairness.vice
freeloaders,4,fairness.vice
favoritism,4,fairness.vice
disparity,4,fairness.vice
swindles,4,fairness.vice
deceived,4,fairness.vice
exploiters,4,fairness.vice
misleading,4,fairness.vice
discriminated,4,fairness.vice
bilked,4,fairness.vice
deceiving,4,fairness.vice
untrustworthy,4,fairness.vice
prejudiced,4,fairness.vice
false advertise,4,fairness.vice
scammers,4,fairness.vice
swindler,4,fairness.vice
theft,4,fairness.vice
duplicitous,4,fairness.vice
hoodwinked,4,fairness.vice
bigoted,4,fairness.vice
sexism,4,fairness.vice
disproportionate,4,fairness.vice
swindlers,4,fairness.vice
discriminate,4,fairness.vice
conniving,4,fairness.vice
sexist,4,fairness.vice
betraying,4,fairness.vice
hoodwinking,4,fairness.vice
partiality,4,fairness.vice
misleads,4,fairness.vice
disproportion,4,fairness.vice
economic disparity,4,fairness.vice
exploiter,4,fairness.vice
bilk,4,fairness.vice
biases,4,fairness.vice
bigots,4,fairness.vice
distrust,4,fairness.vice
dupe,4,fairness.vice
crook,4,fairness.vice
racists,4,fairness.vice
con artist,4,fairness.vice
bilking,4,fairness.vice
blackmailing,4,fairness.vice
deceives,4,fairness.vice
betrayers,4,fairness.vice
deceiver,4,fairness.vice
blackmailed,4,fairness.vice
duping,4,fairness.vice
shyster,4,fairness.vice
connivers,4,fairness.vice
imbalanced,4,fairness.vice
con artists,4,fairness.vice
sexists,4,fairness.vice
thieving,4,fairness.vice
betray,4,fairness.vice
imbalance,4,fairness.vice
disproportions,4,fairness.vice
disproportionately,4,fairness.vice
freeloader,4,fairness.vice
misleaders,4,fairness.vice
connived,4,fairness.vice
shysters,4,fairness.vice
scammer,4,fairness.vice
connives,4,fairness.vice
conniver,4,fairness.vice
disadvantaged,4,fairness.vice
plagiaristic,4,fairness.vice
moocher,4,fairness.vice
dupes,4,fairness.vice
discriminating,4,fairness.vice
tricked,4,fairness.vice
segregation,4,fairness.vice
false advertised,4,fairness.vice
thief,4,fairness.vice
betrayer,4,fairness.vice
bigot,4,fairness.vice
exploiting,4,fairness.vice
lying,4,fairness.vice
thieves,4,fairness.vice
stealing,4,fairness.vice
suckered,4,fairness.vice
deceivers,4,fairness.vice
bamboozled,4,fairness.vice
false advertisement,4,fairness.vice
freeload,4,fairness.vice
bamboozle,4,fairness.vice
did rob,4,fairness.vice
freeloading,4,fairness.vice
steal,4,fairness.vice
pickpocketing,4,fairness.vice
blackmailer,4,fairness.vice
prejudicing,4,fairness.vice
chauvinists,4,fairness.vice
exploit,4,fairness.vice
misleader,4,fairness.vice
hoodwinks,4,fairness.vice
false advertiser,4,fairness.vice
imbalances,4,fairness.vice
pickpocketed,4,fairness.vice
exploited,4,fairness.vice
pickpockets,4,fairness.vice
bamboozles,4,fairness.vice
tricking,4,fairness.vice
taking advantage,4,fairness.vice
pickpocket,4,fairness.vice
false advertisers,4,fairness.vice
biasing,4,fairness.vice
false impression,4,fairness.vice
bamboozling,4,fairness.vice
false witness,4,fairness.vice
robs,4,fairness.vice
moochers,4,fairness.vice
betrays,4,fairness.vice
robbing,4,fairness.vice
false advertises,4,fairness.vice
false impressions,4,fairness.vice
blackmails,4,fairness.vice
double cross,4,fairness.vice
blackmailers,4,fairness.vice
will rob,4,fairness.vice
stolen,4,fairness.vice
distrustful,4,fairness.vice
false advertising,4,fairness.vice
double crossers,4,fairness.vice
mooches,4,fairness.vice
disproportioned,4,fairness.vice
mooching,4,fairness.vice
segregated,4,fairness.vice
double crosser,4,fairness.vice
robbed,4,fairness.vice
misleadingly,4,fairness.vice
segregating,4,fairness.vice
stole,4,fairness.vice
double crosses,4,fairness.vice
being partial,4,fairness.vice
exploits,4,fairness.vice
distrusts,4,fairness.vice
mooch,4,fairness.vice
segregate,4,fairness.vice
robbers,4,fairness.vice
distrusted,4,fairness.vice
double crossing,4,fairness.vice
distrusting,4,fairness.vice
double crossed,4,fairness.vice
be partial,4,fairness.vice
go back on,4,fairness.vice
stacking the deck,4,fairness.vice
robber,4,fairness.vice
segregates,4,fairness.vice
ripping off,4,fairness.vice
trickster,4,fairness.vice
rips off,4,fairness.vice
behind their backs,4,fairness.vice
mooched,4,fairness.vice
stacked the deck,4,fairness.vice
was partial,4,fairness.vice
am partial,4,fairness.vice
stacked deck,4,fairness.vice
stacks the deck,4,fairness.vice
behind their back,4,fairness.vice
been partial,4,fairness.vice
free rider,4,fairness.vice
ripped off,4,fairness.vice
free riders,4,fairness.vice
deceivingly,4,fairness.vice
steals,4,fairness.vice
unequaled,4,fairness.vice
team player,5,loyalty.virtue
player,5,loyalty.virtue
patriot,5,loyalty.virtue
loyal,5,loyalty.virtue
loyalty,5,loyalty.virtue
patriots,5,loyalty.virtue
follower,5,loyalty.virtue
fidelity,5,loyalty.virtue
allegiance,5,loyalty.virtue
ally,5,loyalty.virtue
comrade,5,loyalty.virtue
loyalties,5,loyalty.virtue
death do us part,5,loyalty.virtue
faction,5,loyalty.virtue
comrades,5,loyalty.virtue
allegiances,5,loyalty.virtue
sacrifice,5,loyalty.virtue
allies,5,loyalty.virtue
organization,5,loyalty.virtue
followers,5,loyalty.virtue
us against them,5,loyalty.virtue
sacrifices,5,loyalty.virtue
all for one,5,loyalty.virtue
camaraderie,5,loyalty.virtue
comradery,5,loyalty.virtue
one for all,5,loyalty.virtue
fellow,5,loyalty.virtue
family,5,loyalty.virtue
allegiant,5,loyalty.virtue
corps,5,loyalty.virtue
unity,5,loyalty.virtue
union jack,5,loyalty.virtue
uniter,5,loyalty.virtue
old glory,5,loyalty.virtue
companions,5,loyalty.virtue
country,5,loyalty.virtue
companion,5,loyalty.virtue
homeland,5,loyalty.virtue
sacrificing,5,loyalty.virtue
indivisible,5,loyalty.virtue
sacrificed,5,loyalty.virtue
solidarity,5,loyalty.virtue
troops,5,loyalty.virtue
nation,5,loyalty.virtue
cult,5,loyalty.virtue
kinship,5,loyalty.virtue
companionship,5,loyalty.virtue
clique,5,loyalty.virtue
allied,5,loyalty.virtue
community,5,loyalty.virtue
group,5,loyalty.virtue
factions,5,loyalty.virtue
familiarity,5,loyalty.virtue
solidarities,5,loyalty.virtue
enlist,5,loyalty.virtue
companionships,5,loyalty.virtue
wife,5,loyalty.virtue
united,5,loyalty.virtue
belongs,5,loyalty.virtue
congregation,5,loyalty.virtue
brothers in arms,5,loyalty.virtue
clan,5,loyalty.virtue
trooper,5,loyalty.virtue
sect,5,loyalty.virtue
enlisted,5,loyalty.virtue
enlistment,5,loyalty.virtue
tribalism,5,loyalty.virtue
cohorts,5,loyalty.virtue
war,5,loyalty.virtue
joining,5,loyalty.virtue
troop,5,loyalty.virtue
sacrificial,5,loyalty.virtue
coalition,5,loyalty.virtue
insider,5,loyalty.virtue
pledge,5,loyalty.virtue
cohort,5,loyalty.virtue
enlisting,5,loyalty.virtue
unite,5,loyalty.virtue
communion,5,loyalty.virtue
familiarities,5,loyalty.virtue
belong,5,loyalty.virtue
ingroup,5,loyalty.virtue
belonged,5,loyalty.virtue
company,5,loyalty.virtue
collective,5,loyalty.virtue
fellows,5,loyalty.virtue
cliques,5,loyalty.virtue
uniting,5,loyalty.virtue
clans,5,loyalty.virtue
hazing,5,loyalty.virtue
congregates,5,loyalty.virtue
herd,5,loyalty.virtue
sects,5,loyalty.virtue
uniters,5,loyalty.virtue
undivided,5,loyalty.virtue
unites,5,loyalty.virtue
pledgers,5,loyalty.virtue
coalitions,5,loyalty.virtue
enlists,5,loyalty.virtue
grouping,5,loyalty.virtue
insiders,5,loyalty.virtue
families,5,loyalty.virtue
troupe,5,loyalty.virtue
fellowship,5,loyalty.virtue
kin,5,loyalty.virtue
pledger,5,loyalty.virtue
horde,5,loyalty.virtue
nations,5,loyalty.virtue
tribe,5,loyalty.virtue
hordes,5,loyalty.virtue
pledges,5,loyalty.virtue
herder,5,loyalty.virtue
commune,5,loyalty.virtue
cults,5,loyalty.virtue
congregations,5,loyalty.virtue
organizations,5,loyalty.virtue
herds,5,loyalty.virtue
pledging,5,loyalty.virtue
communities,5,loyalty.virtue
familiar,5,loyalty.virtue
hazings,5,loyalty.virtue
belonging,5,loyalty.virtue
pledged,5,loyalty.virtue
bowed,5,loyalty.virtue
collectively,5,loyalty.virtue
together,5,loyalty.virtue
groups,5,loyalty.virtue
homelands,5,loyalty.virtue
collectives,5,loyalty.virtue
troopers,5,loyalty.virtue
tribes,5,loyalty.virtue
companies,5,loyalty.virtue
countries,5,loyalty.virtue
troupes,5,loyalty.virtue
fellowships,5,loyalty.virtue
tribal,5,loyalty.virtue
communes,5,loyalty.virtue
herders,5,loyalty.virtue
grouped,5,loyalty.virtue
herding,5,loyalty.virtue
congregate,5,loyalty.virtue
herded,5,loyalty.virtue
congregating,5,loyalty.virtue
traitor,6,loyalty.vice
disloyal,6,loyalty.vice
treason,6,loyalty.vice
traitors,6,loyalty.vice
betray,6,loyalty.vice
betraying,6,loyalty.vice
betrayer,6,loyalty.vice
betrayers,6,loyalty.vice
unpatriotic,6,loyalty.vice
betrayed,6,loyalty.vice
treachery,6,loyalty.vice
enemies,6,loyalty.vice
backstabber,6,loyalty.vice
backstabbed,6,loyalty.vice
heretic,6,loyalty.vice
enemy,6,loyalty.vice
betrays,6,loyalty.vice
deserter,6,loyalty.vice
infidels,6,loyalty.vice
infidel,6,loyalty.vice
backstab,6,loyalty.vice
deserting,6,loyalty.vice
apostate,6,loyalty.vice
heresy,6,loyalty.vice
backstabbers,6,loyalty.vice
heretics,6,loyalty.vice
unfaithful,6,loyalty.vice
rebellion,6,loyalty.vice
desertion,6,loyalty.vice
deserters,6,loyalty.vice
apostates,6,loyalty.vice
unfaithfulness,6,loyalty.vice
backstabbing,6,loyalty.vice
rebel,6,loyalty.vice
cheat on,6,loyalty.vice
treacherous,6,loyalty.vice
backstabs,6,loyalty.vice
heresies,6,loyalty.vice
outsider,6,loyalty.vice
outgroup,6,loyalty.vice
cheated on,6,loyalty.vice
against us,6,loyalty.vice
cheating on,6,loyalty.vice
rebels,6,loyalty.vice
infidelity,6,loyalty.vice
outgroups,6,loyalty.vice
rebellions,6,loyalty.vice
outsiders,6,loyalty.vice
cheats on,6,loyalty.vice
respect,7,authority.virtue
obey,7,authority.virtue
authority,7,authority.virtue
obeyed,7,authority.virtue
deference,7,authority.virtue
reverence,7,authority.virtue
respecting,7,authority.virtue
obeying,7,authority.virtue
tradition,7,authority.virtue
adhere,7,authority.virtue
obeys,7,authority.virtue
revere,7,authority.virtue
govern,7,authority.virtue
comply,7,authority.virtue
respectful,7,authority.virtue
honor,7,authority.virtue
adhered,7,authority.virtue
allegiance,7,authority.virtue
dictates,7,authority.virtue
nobility,7,authority.virtue
forbid,7,authority.virtue
dominion,7,authority.virtue
governed,7,authority.virtue
obedient,7,authority.virtue
reveres,7,authority.virtue
adhering,7,authority.virtue
governs,7,authority.virtue
governing,7,authority.virtue
oppress,7,authority.virtue
respected,7,authority.virtue
respectfully,7,authority.virtue
honorable,7,authority.virtue
dictate,7,authority.virtue
commandments,7,authority.virtue
commandment,7,authority.virtue
venerate,7,authority.virtue
politeness,7,authority.virtue
respects,7,authority.virtue
obedience,7,authority.virtue
divine right,7,authority.virtue
forbids,7,authority.virtue
permission,7,authority.virtue
veneration,7,authority.virtue
hierarchy,7,authority.virtue
forbade,7,authority.virtue
honoring,7,authority.virtue
proper,7,authority.virtue
venerated,7,authority.virtue
stature,7,authority.virtue
acquiesce,7,authority.virtue
adherence,7,authority.virtue
deferential,7,authority.virtue
leadership,7,authority.virtue
punish,7,authority.virtue
forbidding,7,authority.virtue
revered,7,authority.virtue
filial piety,7,authority.virtue
patriarchs,7,authority.virtue
decree,7,authority.virtue
coerce,7,authority.virtue
dominions,7,authority.virtue
dictating,7,authority.virtue
venerating,7,authority.virtue
wear the crown,7,authority.virtue
venerates,7,authority.virtue
institution,7,authority.virtue
monarchical,7,authority.virtue
servant,7,authority.virtue
decrees,7,authority.virtue
permit,7,authority.virtue
do as one says,7,authority.virtue
supervise,7,authority.virtue
duty,7,authority.virtue
compliance,7,authority.virtue
lionize,7,authority.virtue
supervision,7,authority.virtue
take orders,7,authority.virtue
take up arms,7,authority.virtue
duties,7,authority.virtue
dictated,7,authority.virtue
elders,7,authority.virtue
emperors,7,authority.virtue
commands,7,authority.virtue
acquiesced,7,authority.virtue
emperor,7,authority.virtue
adheres,7,authority.virtue
servants,7,authority.virtue
regulations,7,authority.virtue
covenant,7,authority.virtue
hierarchical,7,authority.virtue
subordinate,7,authority.virtue
policing,7,authority.virtue
decreeing,7,authority.virtue
acquiesces,7,authority.virtue
authorizing,7,authority.virtue
nobles,7,authority.virtue
permits,7,authority.virtue
matriarchal,7,authority.virtue
authorizes,7,authority.virtue
control,7,authority.virtue
command,7,authority.virtue
subordinating,7,authority.virtue
hierarchies,7,authority.virtue
reverential,7,authority.virtue
deferentially,7,authority.virtue
punishes,7,authority.virtue
patriarch,7,authority.virtue
empires,7,authority.virtue
honored,7,authority.virtue
allegiant,7,authority.virtue
protect,7,authority.virtue
traditional,7,authority.virtue
subordination,7,authority.virtue
punished,7,authority.virtue
noble,7,authority.virtue
order,7,authority.virtue
worship,7,authority.virtue
social order,7,authority.virtue
monarchs,7,authority.virtue
ruling,7,authority.virtue
lead by example,7,authority.virtue
authorities,7,authority.virtue
guiding,7,authority.virtue
presidents,7,authority.virtue
slavishly,7,authority.virtue
patriarchy,7,authority.virtue
subordinates,7,authority.virtue
protection,7,authority.virtue
supervisers,7,authority.virtue
bow before,7,authority.virtue
fathers,7,authority.virtue
bow down,7,authority.virtue
institutions,7,authority.virtue
coercion,7,authority.virtue
governors,7,authority.virtue
commanded,7,authority.virtue
police,7,authority.virtue
authorize,7,authority.virtue
bullys,7,authority.virtue
bully,7,authority.virtue
protecting,7,authority.virtue
acquiescing,7,authority.virtue
empire,7,authority.virtue
mentor,7,authority.virtue
chiefs,7,authority.virtue
monarchies,7,authority.virtue
honors,7,authority.virtue
preside over,7,authority.virtue
acquiescent,7,authority.virtue
allegiances,7,authority.virtue
bowing,7,authority.virtue
oligarchy,7,authority.virtue
willing,7,authority.virtue
polite,7,authority.virtue
supervising,7,authority.virtue
pecking order,7,authority.virtue
compliantly,7,authority.virtue
bishops,7,authority.virtue
monarch,7,authority.virtue
slaves,7,authority.virtue
traitors,7,authority.virtue
punishments,7,authority.virtue
authorized,7,authority.virtue
protector,7,authority.virtue
compliant,7,authority.virtue
dutiful,7,authority.virtue
father,7,authority.virtue
punishment,7,authority.virtue
coerces,7,authority.virtue
toe the line,7,authority.virtue
monarchy,7,authority.virtue
obediently,7,authority.virtue
elder,7,authority.virtue
oligarchies,7,authority.virtue
dictators,7,authority.virtue
leaders,7,authority.virtue
bishop,7,authority.virtue
lorded over,7,authority.virtue
worships,7,authority.virtue
coercing,7,authority.virtue
protectors,7,authority.virtue
dictator,7,authority.virtue
protected,7,authority.virtue
punishing,7,authority.virtue
traitor,7,authority.virtue
commanding,7,authority.virtue
coerced,7,authority.virtue
commanders,7,authority.virtue
pope,7,authority.virtue
punitive,7,authority.virtue
underlings,7,authority.virtue
master,7,authority.virtue
subordinated,7,authority.virtue
president,7,authority.virtue
in charge,7,authority.virtue
matriarchy,7,authority.virtue
lionizing,7,authority.virtue
slave,7,authority.virtue
chief,7,authority.virtue
covenants,7,authority.virtue
commander,7,authority.virtue
matriarch,7,authority.virtue
authorizer,7,authority.virtue
guide,7,authority.virtue
ordered,7,authority.virtue
supervised,7,authority.virtue
captains,7,authority.virtue
punisher,7,authority.virtue
supervises,7,authority.virtue
bossing,7,authority.virtue
commandant,7,authority.virtue
governor,7,authority.virtue
protects,7,authority.virtue
admiral,7,authority.virtue
top gun,7,authority.virtue
bowed,7,authority.virtue
dominate,7,authority.virtue
arrest,7,authority.virtue
mentored,7,authority.virtue
ordering,7,authority.virtue
submit,7,authority.virtue
institutional,7,authority.virtue
prime minister,7,authority.virtue
lionizes,7,authority.virtue
ranking,7,authority.virtue
boss,7,authority.virtue
captain,7,authority.virtue
by the book,7,authority.virtue
mentors,7,authority.virtue
bullies,7,authority.virtue
dominant,7,authority.virtue
arrested,7,authority.virtue
bossed,7,authority.virtue
leader,7,authority.virtue
rank,7,authority.virtue
arresting,7,authority.virtue
chieftain,7,authority.virtue
prime ministers,7,authority.virtue
regulation,7,authority.virtue
superviser,7,authority.virtue
dean,7,authority.virtue
arrests,7,authority.virtue
punishers,7,authority.virtue
bullied,7,authority.virtue
matriarchs,7,authority.virtue
controlling,7,authority.virtue
managerial,7,authority.virtue
bosses,7,authority.virtue
ranks,7,authority.virtue
controls,7,authority.virtue
dictation,7,authority.virtue
guides,7,authority.virtue
oligarchs,7,authority.virtue
principals,7,authority.virtue
top dog,7,authority.virtue
admirals,7,authority.virtue
caste,7,authority.virtue
captaining,7,authority.virtue
queen,7,authority.virtue
mentoring,7,authority.virtue
elderly,7,authority.virtue
castes,7,authority.virtue
governess,7,authority.virtue
captained,7,authority.virtue
principal,7,authority.virtue
bullying,7,authority.virtue
submission,7,authority.virtue
dominated,7,authority.virtue
corporate ladders,7,authority.virtue
queens,7,authority.virtue
underling,7,authority.virtue
corporate ladder,7,authority.virtue
fathered,7,authority.virtue
dominates,7,authority.virtue
dominating,7,authority.virtue
presidential,7,authority.virtue
oligarch,7,authority.virtue
controlled,7,authority.virtue
submits,7,authority.virtue
submitting,7,authority.virtue
head honcho,7,authority.virtue
commandingly,7,authority.virtue
vice president,7,authority.virtue
slaving,7,authority.virtue
fathering,7,authority.virtue
slaved,7,authority.virtue
managers,7,authority.virtue
forbiddingly,7,authority.virtue
controllers,7,authority.virtue
submitted,7,authority.virtue
ringleaders,7,authority.virtue
ringleader,7,authority.virtue
controller,7,authority.virtue
ranked,7,authority.virtue
manager,7,authority.virtue
prime ministerial,7,authority.virtue
submissions,7,authority.virtue
ceo,7,authority.virtue
punishingly,7,authority.virtue
submitter,7,authority.virtue
submitters,7,authority.virtue
disrespect,8,authority.vice
disobey,8,authority.vice
disobedience,8,authority.vice
anarchy,8,authority.vice
chaos,8,authority.vice
subversion,8,authority.vice
subvert,8,authority.vice
lawlessness,8,authority.vice
subverting,8,authority.vice
disrespecting,8,authority.vice
sedition,8,authority.vice
treason,8,authority.vice
overthrow,8,authority.vice
insurrection,8,authority.vice
rebellion,8,authority.vice
transgress,8,authority.vice
treachery,8,authority.vice
dissent,8,authority.vice
dishonor,8,authority.vice
dissension,8,authority.vice
disrespects,8,authority.vice
bedlam,8,authority.vice
rebelling,8,authority.vice
misrule,8,authority.vice
transgression,8,authority.vice
insurrectional,8,authority.vice
pandemonium,8,authority.vice
mutiny,8,authority.vice
mutinies,8,authority.vice
misruling,8,authority.vice
disobedient,8,authority.vice
subverted,8,authority.vice
transgresses,8,authority.vice
transgressed,8,authority.vice
disarray,8,authority.vice
misruled,8,authority.vice
rioting,8,authority.vice
lawless,8,authority.vice
transgressing,8,authority.vice
illegality,8,authority.vice
overthrowing,8,authority.vice
dishonorable,8,authority.vice
dishonoring,8,authority.vice
rebelled,8,authority.vice
rebellions,8,authority.vice
riot,8,authority.vice
dishonouring,8,authority.vice
disrespected,8,authority.vice
permissiveness,8,authority.vice
refuser,8,authority.vice
unruly,8,authority.vice
subverts,8,authority.vice
unlawfulness,8,authority.vice
overthrown,8,authority.vice
anarchistic,8,authority.vice
dishonours,8,authority.vice
riots,8,authority.vice
refuse,8,authority.vice
chaotic,8,authority.vice
nonconformity,8,authority.vice
dissenters,8,authority.vice
uprising,8,authority.vice
insurrections,8,authority.vice
rioters,8,authority.vice
disordering,8,authority.vice
insubordinate,8,authority.vice
mutinied,8,authority.vice
insurrectionist,8,authority.vice
unlawful,8,authority.vice
nonconformists,8,authority.vice
heresy,8,authority.vice
uprisings,8,authority.vice
dishonors,8,authority.vice
tumult,8,authority.vice
overthrew,8,authority.vice
overthrows,8,authority.vice
rabble rousers,8,authority.vice
renegade,8,authority.vice
impolite,8,authority.vice
renegades,8,authority.vice
rabble rousing,8,authority.vice
dishonored,8,authority.vice
illegal,8,authority.vice
rioter,8,authority.vice
mutinous,8,authority.vice
disarrayed,8,authority.vice
apostates,8,authority.vice
dissidents,8,authority.vice
anarchists,8,authority.vice
raise hell,8,authority.vice
disorder,8,authority.vice
refusers,8,authority.vice
permissive,8,authority.vice
apostate,8,authority.vice
anarchist,8,authority.vice
treacherous,8,authority.vice
dissident,8,authority.vice
raises hell,8,authority.vice
disordered,8,authority.vice
heretic,8,authority.vice
overpower,8,authority.vice
rabble rouser,8,authority.vice
rebel,8,authority.vice
raising hell,8,authority.vice
heretics,8,authority.vice
unauthorized,8,authority.vice
refusing,8,authority.vice
rebels,8,authority.vice
refuses,8,authority.vice
rioted,8,authority.vice
orders,8,authority.vice
dissenter,8,authority.vice
chaotically,8,authority.vice
nonconformist,8,authority.vice
heresies,8,authority.vice
illegals,8,authority.vice
unlawfully,8,authority.vice
heretical,8,authority.vice
dissents,8,authority.vice
traditions,8,authority.vice
dissenting,8,authority.vice
overpowers,8,authority.vice
trouble maker,8,authority.vice
refused,8,authority.vice
rock the boat,8,authority.vice
overpowering,8,authority.vice
tumultuous,8,authority.vice
overpowered,8,authority.vice
dissented,8,authority.vice
nonconforming,8,authority.vice
sanctity,9,sanctity.virtue
sacred,9,sanctity.virtue
sacredness,9,sanctity.virtue
purity,9,sanctity.virtue
wholesome,9,sanctity.virtue
pureness,9,sanctity.virtue
wholesomeness,9,sanctity.virtue
holiness,9,sanctity.virtue
dignity,9,sanctity.virtue
godly,9,sanctity.virtue
piety,9,sanctity.virtue
sanctify,9,sanctity.virtue
chastity,9,sanctity.virtue
undefiled,9,sanctity.virtue
holy,9,sanctity.virtue
sacrosanct,9,sanctity.virtue
pious,9,sanctity.virtue
righteousness,9,sanctity.virtue
dignities,9,sanctity.virtue
sanctified,9,sanctity.virtue
godliness,9,sanctity.virtue
spirituality,9,sanctity.virtue
chaste,9,sanctity.virtue
sanctifies,9,sanctity.virtue
righteous,9,sanctity.virtue
divine,9,sanctity.virtue
religious,9,sanctity.virtue
biblical,9,sanctity.virtue
spiritual,9,sanctity.virtue
deity,9,sanctity.virtue
sanctifying,9,sanctity.virtue
noble,9,sanctity.virtue
modesty,9,sanctity.virtue
decency,9,sanctity.virtue
scriptures,9,sanctity.virtue
nobility,9,sanctity.virtue
religion,9,sanctity.virtue
hallow,9,sanctity.virtue
soul,9,sanctity.virtue
hallowed,9,sanctity.virtue
deism,9,sanctity.virtue
pristine,9,sanctity.virtue
exalted,9,sanctity.virtue
hallowing,9,sanctity.virtue
eternal,9,sanctity.virtue
holy cross,9,sanctity.virtue
deities,9,sanctity.virtue
faith,9,sanctity.virtue
unadulterated,9,sanctity.virtue
scripture,9,sanctity.virtue
wholesomely,9,sanctity.virtue
divinities,9,sanctity.virtue
worship,9,sanctity.virtue
virgin,9,sanctity.virtue
god,9,sanctity.virtue
catholicism,9,sanctity.virtue
saintly,9,sanctity.virtue
saintliness,9,sanctity.virtue
goddess,9,sanctity.virtue
religiosity,9,sanctity.virtue
purify,9,sanctity.virtue
koranic,9,sanctity.virtue
pure,9,sanctity.virtue
holy crosses,9,sanctity.virtue
exalt,9,sanctity.virtue
virginity,9,sanctity.virtue
divinity,9,sanctity.virtue
consecrates,9,sanctity.virtue
heaven,9,sanctity.virtue
virginal,9,sanctity.virtue
devout,9,sanctity.virtue
dignified,9,sanctity.virtue
tabernacle,9,sanctity.virtue
exalts,9,sanctity.virtue
buddhas,9,sanctity.virtue
souls,9,sanctity.virtue
temple,9,sanctity.virtue
unsullied,9,sanctity.virtue
heavenly,9,sanctity.virtue
cleanliness,9,sanctity.virtue
abstinance,9,sanctity.virtue
spotlessness,9,sanctity.virtue
talmudic,9,sanctity.virtue
deists,9,sanctity.virtue
gospels,9,sanctity.virtue
prophets,9,sanctity.virtue
religions,9,sanctity.virtue
temples,9,sanctity.virtue
buddhist,9,sanctity.virtue
goddesses,9,sanctity.virtue
saints,9,sanctity.virtue
temperance,9,sanctity.virtue
celibacy,9,sanctity.virtue
consecrated,9,sanctity.virtue
priestly,9,sanctity.virtue
bless,9,sanctity.virtue
marriage,9,sanctity.virtue
prophet,9,sanctity.virtue
exalting,9,sanctity.virtue
unchaste,9,sanctity.virtue
supernatural,9,sanctity.virtue
eternally,9,sanctity.virtue
purification,9,sanctity.virtue
apostles,9,sanctity.virtue
monastic,9,sanctity.virtue
purified,9,sanctity.virtue
communion,9,sanctity.virtue
gods,9,sanctity.virtue
celibate,9,sanctity.virtue
christians,9,sanctity.virtue
theological,9,sanctity.virtue
monasticism,9,sanctity.virtue
unspoiled,9,sanctity.virtue
sterility,9,sanctity.virtue
christian,9,sanctity.virtue
buddha,9,sanctity.virtue
deist,9,sanctity.virtue
prophetic,9,sanctity.virtue
saint,9,sanctity.virtue
righteously,9,sanctity.virtue
apostle,9,sanctity.virtue
prayer,9,sanctity.virtue
faiths,9,sanctity.virtue
shrine,9,sanctity.virtue
purifying,9,sanctity.virtue
worships,9,sanctity.virtue
virgins,9,sanctity.virtue
glorious,9,sanctity.virtue
dignifies,9,sanctity.virtue
atonement,9,sanctity.virtue
deification,9,sanctity.virtue
orthodoxy,9,sanctity.virtue
hallows,9,sanctity.virtue
enshrining,9,sanctity.virtue
nunneries,9,sanctity.virtue
church,9,sanctity.virtue
religiously,9,sanctity.virtue
blessings,9,sanctity.virtue
consecrate,9,sanctity.virtue
gospel,9,sanctity.virtue
pray,9,sanctity.virtue
beatifying,9,sanctity.virtue
yogis,9,sanctity.virtue
theology,9,sanctity.virtue
purifies,9,sanctity.virtue
orthodox,9,sanctity.virtue
untainted,9,sanctity.virtue
torah,9,sanctity.virtue
faithfully,9,sanctity.virtue
catholic,9,sanctity.virtue
heavens,9,sanctity.virtue
yogi,9,sanctity.virtue
consecrating,9,sanctity.virtue
blessed,9,sanctity.virtue
faithful,9,sanctity.virtue
koran,9,sanctity.virtue
abstinence,9,sanctity.virtue
jesus,9,sanctity.virtue
monastery,9,sanctity.virtue
purities,9,sanctity.virtue
consecration,9,sanctity.virtue
catholics,9,sanctity.virtue
prayers,9,sanctity.virtue
prayed,9,sanctity.virtue
sterile,9,sanctity.virtue
blesses,9,sanctity.virtue
enshrined,9,sanctity.virtue
torahs,9,sanctity.virtue
organic,9,sanctity.virtue
bible,9,sanctity.virtue
glory,9,sanctity.virtue
allah,9,sanctity.virtue
glories,9,sanctity.virtue
priests,9,sanctity.virtue
dignifying,9,sanctity.virtue
enshrine,9,sanctity.virtue
mosques,9,sanctity.virtue
spotlessly,9,sanctity.virtue
prude,9,sanctity.virtue
reverend,9,sanctity.virtue
soulful,9,sanctity.virtue
deify,9,sanctity.virtue
christ,9,sanctity.virtue
cathedrals,9,sanctity.virtue
churches,9,sanctity.virtue
cathedral,9,sanctity.virtue
dignify,9,sanctity.virtue
monasteries,9,sanctity.virtue
raw,9,sanctity.virtue
enshrines,9,sanctity.virtue
refinement,9,sanctity.virtue
nuns,9,sanctity.virtue
monks,9,sanctity.virtue
gloriously,9,sanctity.virtue
almighty,9,sanctity.virtue
marring,9,sanctity.virtue
repent,9,sanctity.virtue
prays,9,sanctity.virtue
clean,9,sanctity.virtue
orthodoxies,9,sanctity.virtue
exterminates,9,sanctity.virtue
rabbis,9,sanctity.virtue
spotless,9,sanctity.virtue
bibles,9,sanctity.virtue
mosque,9,sanctity.virtue
immaculate,9,sanctity.virtue
organics,9,sanctity.virtue
purifier,9,sanctity.virtue
foods,9,sanctity.virtue
lord,9,sanctity.virtue
praying,9,sanctity.virtue
repenting,9,sanctity.virtue
marry,9,sanctity.virtue
elevating,9,sanctity.virtue
marrying,9,sanctity.virtue
immaculately,9,sanctity.virtue
rabbi,9,sanctity.virtue
nunnery,9,sanctity.virtue
priest,9,sanctity.virtue
food,9,sanctity.virtue
bloodiness,9,sanctity.virtue
marries,9,sanctity.virtue
synagogues,9,sanctity.virtue
synagogue,9,sanctity.virtue
refined,9,sanctity.virtue
repents,9,sanctity.virtue
angel,9,sanctity.virtue
blessing,9,sanctity.virtue
monk,9,sanctity.virtue
rabbinical,9,sanctity.virtue
organically,9,sanctity.virtue
pope,9,sanctity.virtue
nun,9,sanctity.virtue
nobles,9,sanctity.virtue
prophetically,9,sanctity.virtue
blood,9,sanctity.virtue
repented,9,sanctity.virtue
pastor,9,sanctity.virtue
purifiers,9,sanctity.virtue
lords,9,sanctity.virtue
bloody,9,sanctity.virtue
untouched,9,sanctity.virtue
cleaning,9,sanctity.virtue
exterminating,9,sanctity.virtue
exterminated,9,sanctity.virtue
imam,9,sanctity.virtue
higher power,9,sanctity.virtue
cleaners,9,sanctity.virtue
married,9,sanctity.virtue
beatification,9,sanctity.virtue
beatify,9,sanctity.virtue
extermination,9,sanctity.virtue
exterminate,9,sanctity.virtue
cleaner,9,sanctity.virtue
body,9,sanctity.virtue
immune,9,sanctity.virtue
atoning,9,sanctity.virtue
imams,9,sanctity.virtue
cleaned,9,sanctity.virtue
atones,9,sanctity.virtue
mary,9,sanctity.virtue
refines,9,sanctity.virtue
cleans,9,sanctity.virtue
atone,9,sanctity.virtue
immunities,9,sanctity.virtue
immunity,9,sanctity.virtue
stainless,9,sanctity.virtue
refining,9,sanctity.virtue
refine,9,sanctity.virtue
atoned,9,sanctity.virtue
exterminator,9,sanctity.virtue
exterminators,9,sanctity.virtue
impurity,10,sanctity.vice
degradation,10,sanctity.vice
depravity,10,sanctity.vice
desecrate,10,sanctity.vice
desecration,10,sanctity.vice
repulsiveness,10,sanctity.vice
degrading,10,sanctity.vice
decay,10,sanctity.vice
filth,10,sanctity.vice
depravities,10,sanctity.vice
defile,10,sanctity.vice
sin,10,sanctity.vice
fornication,10,sanctity.vice
repulsive,10,sanctity.vice
depraved,10,sanctity.vice
impiety,10,sanctity.vice
degrade,10,sanctity.vice
repugnance,10,sanctity.vice
impure,10,sanctity.vice
degraded,10,sanctity.vice
desecrations,10,sanctity.vice
sinfulness,10,sanctity.vice
impurities,10,sanctity.vice
indecencies,10,sanctity.vice
defiled,10,sanctity.vice
defiles,10,sanctity.vice
uncleanliness,10,sanctity.vice
damnation,10,sanctity.vice
debauchery,10,sanctity.vice
impious,10,sanctity.vice
sinful,10,sanctity.vice
necrophiliacs,10,sanctity.vice
desecrates,10,sanctity.vice
sleaziness,10,sanctity.vice
desecrating,10,sanctity.vice
desecrated,10,sanctity.vice
grossness,10,sanctity.vice
contaminates,10,sanctity.vice
sinning,10,sanctity.vice
promiscuity,10,sanctity.vice
befouls,10,sanctity.vice
rottenness,10,sanctity.vice
hedonism,10,sanctity.vice
revolting,10,sanctity.vice
repugnant,10,sanctity.vice
godless,10,sanctity.vice
scum,10,sanctity.vice
befoul,10,sanctity.vice
satanic,10,sanctity.vice
sluttiness,10,sanctity.vice
disgusting,10,sanctity.vice
pestilence,10,sanctity.vice
debased,10,sanctity.vice
trashiness,10,sanctity.vice
sins,10,sanctity.vice
degradingly,10,sanctity.vice
corrupting,10,sanctity.vice
deprave,10,sanctity.vice
perverted,10,sanctity.vice
debase,10,sanctity.vice
fornicating,10,sanctity.vice
degraders,10,sanctity.vice
defiling,10,sanctity.vice
slime,10,sanctity.vice
horrors,10,sanctity.vice
repugnantly,10,sanctity.vice
defiler,10,sanctity.vice
deviants,10,sanctity.vice
degrades,10,sanctity.vice
corrupts,10,sanctity.vice
debasing,10,sanctity.vice
perverts,10,sanctity.vice
parasitic,10,sanctity.vice
disgusts,10,sanctity.vice
deflowering,10,sanctity.vice
hedonistic,10,sanctity.vice
deviant,10,sanctity.vice
scummy,10,sanctity.vice
horrifying,10,sanctity.vice
necrophilia,10,sanctity.vice
contamination,10,sanctity.vice
rot,10,sanctity.vice
stain,10,sanctity.vice
contaminating,10,sanctity.vice
contaminants,10,sanctity.vice
dirtying,10,sanctity.vice
debases,10,sanctity.vice
contaminate,10,sanctity.vice
abhor,10,sanctity.vice
heresy,10,sanctity.vice
sleaze,10,sanctity.vice
staining,10,sanctity.vice
defilers,10,sanctity.vice
harlot,10,sanctity.vice
plagues,10,sanctity.vice
sullies,10,sanctity.vice
fornicators,10,sanctity.vice
vermin,10,sanctity.vice
befouling,10,sanctity.vice
incest,10,sanctity.vice
trashy,10,sanctity.vice
excreting,10,sanctity.vice
deforms,10,sanctity.vice
abhorred,10,sanctity.vice
decayed,10,sanctity.vice
whores,10,sanctity.vice
deformities,10,sanctity.vice
perverse,10,sanctity.vice
adultery,10,sanctity.vice
fornicate,10,sanctity.vice
excrement,10,sanctity.vice
harlots,10,sanctity.vice
decaying,10,sanctity.vice
fornicator,10,sanctity.vice
unclean,10,sanctity.vice
nauseating,10,sanctity.vice
sully,10,sanctity.vice
heresies,10,sanctity.vice
satan,10,sanctity.vice
damns,10,sanctity.vice
satanically,10,sanctity.vice
sinned,10,sanctity.vice
sinners,10,sanctity.vice
adulterous,10,sanctity.vice
repulses,10,sanctity.vice
corruption,10,sanctity.vice
tainting,10,sanctity.vice
deformity,10,sanctity.vice
necrophiliac,10,sanctity.vice
decays,10,sanctity.vice
corrupted,10,sanctity.vice
deforming,10,sanctity.vice
contaminant,10,sanctity.vice
disgust,10,sanctity.vice
tarnishes,10,sanctity.vice
hell,10,sanctity.vice
filthy,10,sanctity.vice
taint,10,sanctity.vice
horrific,10,sanctity.vice
fecal,10,sanctity.vice
dirtied,10,sanctity.vice
flesh,10,sanctity.vice
stained,10,sanctity.vice
deform,10,sanctity.vice
putrid,10,sanctity.vice
scatalogical,10,sanctity.vice
dirties,10,sanctity.vice
whoring,10,sanctity.vice
cocksucker,10,sanctity.vice
plague,10,sanctity.vice
adulterers,10,sanctity.vice
excretes,10,sanctity.vice
infesting,10,sanctity.vice
slimy,10,sanctity.vice
excrete,10,sanctity.vice
scuzz,10,sanctity.vice
horror,10,sanctity.vice
tarnish,10,sanctity.vice
sexuality,10,sanctity.vice
parasite,10,sanctity.vice
obscenity,10,sanctity.vice
deformed,10,sanctity.vice
adulterer,10,sanctity.vice
befouled,10,sanctity.vice
muck,10,sanctity.vice
corpses,10,sanctity.vice
soiled,10,sanctity.vice
infest,10,sanctity.vice
incestuously,10,sanctity.vice
incestuous,10,sanctity.vice
fucker,10,sanctity.vice
devil,10,sanctity.vice
parasites,10,sanctity.vice
stains,10,sanctity.vice
skanks,10,sanctity.vice
corpse,10,sanctity.vice
whore,10,sanctity.vice
lepers,10,sanctity.vice
curses,10,sanctity.vice
corrupt,10,sanctity.vice
pathogens,10,sanctity.vice
diseased,10,sanctity.vice
deflower,10,sanctity.vice
hedonists,10,sanctity.vice
sinner,10,sanctity.vice
debaucherous,10,sanctity.vice
fester,10,sanctity.vice
hedonist,10,sanctity.vice
sleazy,10,sanctity.vice
fucks,10,sanctity.vice
promiscuous,10,sanctity.vice
cursed,10,sanctity.vice
curse,10,sanctity.vice
apostates,10,sanctity.vice
cocksuckers,10,sanctity.vice
heretic,10,sanctity.vice
lewdness,10,sanctity.vice
slutty,10,sanctity.vice
infests,10,sanctity.vice
festers,10,sanctity.vice
pervert,10,sanctity.vice
fuck,10,sanctity.vice
skanky,10,sanctity.vice
dirty,10,sanctity.vice
mucky,10,sanctity.vice
puke,10,sanctity.vice
alcoholism,10,sanctity.vice
feces,10,sanctity.vice
sullied,10,sanctity.vice
disgustingly,10,sanctity.vice
sexual,10,sanctity.vice
cunt,10,sanctity.vice
taints,10,sanctity.vice
profane,10,sanctity.vice
heretics,10,sanctity.vice
fucking,10,sanctity.vice
tarnishing,10,sanctity.vice
fornicated,10,sanctity.vice
mar,10,sanctity.vice
shitting,10,sanctity.vice
slut,10,sanctity.vice
obscene,10,sanctity.vice
barf,10,sanctity.vice
rotten,10,sanctity.vice
disgusted,10,sanctity.vice
cunts,10,sanctity.vice
waste,10,sanctity.vice
parasitically,10,sanctity.vice
sinfully,10,sanctity.vice
wastes,10,sanctity.vice
vomit,10,sanctity.vice
pathogen,10,sanctity.vice
rats,10,sanctity.vice
pathogenic,10,sanctity.vice
indecent,10,sanctity.vice
infect,10,sanctity.vice
leper,10,sanctity.vice
indecently,10,sanctity.vice
shit,10,sanctity.vice
abhors,10,sanctity.vice
skank,10,sanctity.vice
infestation,10,sanctity.vice
deflowered,10,sanctity.vice
leprosy,10,sanctity.vice
diseases,10,sanctity.vice
heretical,10,sanctity.vice
dirt,10,sanctity.vice
cursing,10,sanctity.vice
tarnishment,10,sanctity.vice
disease,10,sanctity.vice
prostitution,10,sanctity.vice
infested,10,sanctity.vice
apostate,10,sanctity.vice
sluts,10,sanctity.vice
fuckers,10,sanctity.vice
profanity,10,sanctity.vice
addiction,10,sanctity.vice
contaminated,10,sanctity.vice
scuzzy,10,sanctity.vice
infectiousness,10,sanctity.vice
indecency,10,sanctity.vice
vomited,10,sanctity.vice
germ,10,sanctity.vice
prostituting,10,sanctity.vice
excreted,10,sanctity.vice
rubbish,10,sanctity.vice
fucked,10,sanctity.vice
sodomy,10,sanctity.vice
untouchables,10,sanctity.vice
epidemics,10,sanctity.vice
swear,10,sanctity.vice
shits,10,sanctity.vice
whorehouses,10,sanctity.vice
pigsty,10,sanctity.vice
germs,10,sanctity.vice
prostituted,10,sanctity.vice
mud,10,sanctity.vice
dung,10,sanctity.vice
epidemic,10,sanctity.vice
rat,10,sanctity.vice
douchebag,10,sanctity.vice
perversely,10,sanctity.vice
pukes,10,sanctity.vice
puking,10,sanctity.vice
prostitutes,10,sanctity.vice
barfs,10,sanctity.vice
slutting,10,sanctity.vice
trashing,10,sanctity.vice
whored,10,sanctity.vice
douchebags,10,sanctity.vice
infection,10,sanctity.vice
shite,10,sanctity.vice
spoil,10,sanctity.vice
gross,10,sanctity.vice
repulsed,10,sanctity.vice
pus,10,sanctity.vice
festering,10,sanctity.vice
cockroaches,10,sanctity.vice
tainted,10,sanctity.vice
contagion,10,sanctity.vice
barfed,10,sanctity.vice
infects,10,sanctity.vice
damned,10,sanctity.vice
addictions,10,sanctity.vice
shitty,10,sanctity.vice
skanking,10,sanctity.vice
trash,10,sanctity.vice
whorehouse,10,sanctity.vice
phlegm,10,sanctity.vice
moldy,10,sanctity.vice
plaguing,10,sanctity.vice
shat,10,sanctity.vice
drugged,10,sanctity.vice
garbage,10,sanctity.vice
infecting,10,sanctity.vice
pandemics,10,sanctity.vice
viruses,10,sanctity.vice
nauseated,10,sanctity.vice
cockroach,10,sanctity.vice
puked,10,sanctity.vice
drugging,10,sanctity.vice
manure,10,sanctity.vice
mucking,10,sanctity.vice
lewd,10,sanctity.vice
alcoholics,10,sanctity.vice
gangrenous,10,sanctity.vice
barfing,10,sanctity.vice
gangrene,10,sanctity.vice
shitter,10,sanctity.vice
shittier,10,sanctity.vice
tarnished,10,sanctity.vice
cock,10,sanctity.vice
vomits,10,sanctity.vice
hookers,10,sanctity.vice
damn,10,sanctity.vice
addict,10,sanctity.vice
alcoholic,10,sanctity.vice
nausea,10,sanctity.vice
swearing,10,sanctity.vice
vomiting,10,sanctity.vice
skanked,10,sanctity.vice
infections,10,sanctity.vice
foul,10,sanctity.vice
prostitute,10,sanctity.vice
risque,10,sanctity.vice
lice,10,sanctity.vice
gonorrhea,10,sanctity.vice
wasting,10,sanctity.vice
profanities,10,sanctity.vice
divorces,10,sanctity.vice
crappy,10,sanctity.vice
spreading,10,sanctity.vice
wasters,10,sanctity.vice
addicting,10,sanctity.vice
trashed,10,sanctity.vice
addicts,10,sanctity.vice
scabies,10,sanctity.vice
swore,10,sanctity.vice
nauseous,10,sanctity.vice
phlegmatically,10,sanctity.vice
spoiling,10,sanctity.vice
nauseatingly,10,sanctity.vice
drugs,10,sanctity.vice
virus,10,sanctity.vice
waster,10,sanctity.vice
untouchable,10,sanctity.vice
addicted,10,sanctity.vice
damning,10,sanctity.vice
pandemic,10,sanctity.vice
hooker,10,sanctity.vice
bm,10,sanctity.vice
infected,10,sanctity.vice
festered,10,sanctity.vice
marred,10,sanctity.vice
phlegmatic,10,sanctity.vice
divorce,10,sanctity.vice
viral,10,sanctity.vice
contagiously,10,sanctity.vice
plagued,10,sanctity.vice
repulsing,10,sanctity.vice
swears,10,sanctity.vice
drug,10,sanctity.vice
spoiled,10,sanctity.vice
cum,10,sanctity.vice
divorcing,10,sanctity.vice
wasted,10,sanctity.vice
divorced,10,sanctity.vice
contagious,10,sanctity.vice
